config_name,coupling_c,noise_std,n_samples,estimator,n_valid,n_failed,bias,variance,mse,ci_low,ci_high,dataset
c_0.0_noise_0.3,0.0,0.3,10,Amortized,200,0,-0.0203236085176465,0.0036754317360847,0.0040701036405828,-0.0287258518363513,-0.0119213651989421,linear
c_0.0_noise_0.3,0.0,0.3,10,Binning,200,0,0.4474879512019137,0.0272025988921949,0.2273120523686203,0.4246295278196834,0.4703463745841435,linear
c_0.0_noise_0.3,0.0,0.3,10,KSG,200,0,0.0147549603174604,0.0030604037673486,0.0032628106024817,0.0070878725024399,0.0224220481324805,linear
c_0.0_noise_0.3,0.0,0.3,10,Symbolic,200,0,0.3332448855540639,0.0208446589628315,0.1317925894159586,0.3132352826255179,0.3532544884826095,linear
c_0.0_noise_0.3,0.0,0.3,20,Amortized,200,0,-0.0206537487506864,0.0024502298561185,0.0028645560442944,-0.0275140705417052,-0.013793426959668,linear
c_0.0_noise_0.3,0.0,0.3,20,Binning,200,0,0.7161125967326837,0.0162820063332316,0.529017847500793,0.698428005200824,0.7337971882645429,linear
c_0.0_noise_0.3,0.0,0.3,20,KSG,200,0,0.0032203353728318,0.002811953234703,0.002808264028443,-0.0041289501524541,0.0105696208981175,linear
c_0.0_noise_0.3,0.0,0.3,20,Symbolic,200,0,0.4880070233718508,0.017197847989649,0.255262713609955,0.4698318682367443,0.5061821785069569,linear
c_0.0_noise_0.3,0.0,0.3,30,Amortized,200,0,-0.0198532730937001,0.0018320527143419,0.0022170449033032,-0.025785394850465,-0.0139211513369357,linear
c_0.0_noise_0.3,0.0,0.3,30,Binning,200,0,0.8290337694106088,0.0144588326696945,0.7016835293295085,0.8123686784141726,0.8456988604070446,linear
c_0.0_noise_0.3,0.0,0.3,30,KSG,200,0,0.0069694992978653,0.0035119309885028,0.0035429452540233,-0.0012437321263163,0.0151827307220467,linear
c_0.0_noise_0.3,0.0,0.3,30,Symbolic,200,0,0.5361779611845655,0.0119892596514757,0.2994161194132557,0.5210026621962242,0.5513532601729064,linear
c_0.0_noise_0.3,0.0,0.3,50,Amortized,200,0,-0.0170077819228169,0.0009875173206162,0.0012718443799472,-0.0213630353820773,-0.012652528463557,linear
c_0.0_noise_0.3,0.0,0.3,50,Binning,200,0,0.836902462760708,0.0142769966898389,0.7146113438813281,0.8203424943906165,0.8534624311307991,linear
c_0.0_noise_0.3,0.0,0.3,50,KSG,200,0,0.005622992659184,0.0023943433438033,0.0024139896735295,-0.001158640399879,0.0124046257182466,linear
c_0.0_noise_0.3,0.0,0.3,50,Symbolic,200,0,0.4973052245202498,0.0078835500039833,0.2551566185890995,0.4849996473913006,0.5096108016491986,linear
c_0.0_noise_0.3,0.0,0.3,100,Amortized,200,0,-0.0200432527661321,0.0005785112185157,0.0009773506438702,-0.0233767259526528,-0.0167097795796118,linear
c_0.0_noise_0.3,0.0,0.3,100,Binning,200,0,0.6606063726741573,0.0110210690857598,0.4473667433580385,0.6460567096196642,0.67515603572865,linear
c_0.0_noise_0.3,0.0,0.3,100,KSG,200,0,-0.002005077001561,0.001643502135549,0.0016393049586535,-0.0076236523565446,0.0036134983534221,linear
c_0.0_noise_0.3,0.0,0.3,100,Symbolic,200,0,0.3410914636196206,0.0023979608173243,0.1187293575674127,0.3343047095074423,0.3478782177317985,linear
c_0.0_noise_0.3,0.0,0.3,200,Amortized,200,0,-0.0185926890373227,0.0002460392701251,0.000590497159413,-0.0207666076881843,-0.0164187703864615,linear
c_0.0_noise_0.3,0.0,0.3,200,Binning,200,0,0.4180038276147586,0.0044132329059641,0.1791183666420231,0.4087967989052474,0.4272108563242693,linear
c_0.0_noise_0.3,0.0,0.3,200,KSG,200,0,-0.0001348261046256,0.0009586359546885,0.0009538609529935,-0.0044259191376021,0.0041562669283503,linear
c_0.0_noise_0.3,0.0,0.3,200,Symbolic,200,0,0.1834182787458061,0.0006778767536973,0.0343167523480031,0.1798098640405622,0.1870266934510497,linear
c_0.0_noise_0.5,0.0,0.5,10,Amortized,200,0,-0.0406932132244109,0.0074406941563416,0.0090594282880873,-0.0526481642220107,-0.0287382622268112,linear
c_0.0_noise_0.5,0.0,0.5,10,Binning,200,0,0.45280151680832,0.0271076675767787,0.2320013428628101,0.4299830138159068,0.4756200198007331,linear
c_0.0_noise_0.5,0.0,0.5,10,KSG,200,0,0.015548611111111,0.0035994538299569,0.0038232158682917,0.0072336661825012,0.0238635560397208,linear
c_0.0_noise_0.5,0.0,0.5,10,Symbolic,200,0,0.3478538587212143,0.0214814978837571,0.1423763974215768,0.3275408921394664,0.3681668253029622,linear
c_0.0_noise_0.5,0.0,0.5,20,Amortized,200,0,-0.0404198881983756,0.0050973500974755,0.0067056307089573,-0.0503148313852924,-0.0305249450114588,linear
c_0.0_noise_0.5,0.0,0.5,20,Binning,200,0,0.7151799200132979,0.0168548356753697,0.5282528794872201,0.6971869301657906,0.7331729098608052,linear
c_0.0_noise_0.5,0.0,0.5,20,KSG,200,0,0.0126863582291892,0.0042587230908122,0.0043983731604775,0.0036419371239817,0.0217307793343967,linear
c_0.0_noise_0.5,0.0,0.5,20,Symbolic,200,0,0.492570561258102,0.0179936610750794,0.2605294505878258,0.4739796429932575,0.5111614795229464,linear
c_0.0_noise_0.5,0.0,0.5,30,Amortized,200,0,-0.0458197019100188,0.0035389571966217,0.0056207074937616,-0.0540644753958528,-0.0375749284241849,linear
c_0.0_noise_0.5,0.0,0.5,30,Binning,200,0,0.8210098223116761,0.0158107549889869,0.689788829546292,0.8035830331114687,0.8384366115118834,linear
c_0.0_noise_0.5,0.0,0.5,30,KSG,200,0,0.0057331538343229,0.0026426235191363,0.0026622794544286,-0.0013914172092958,0.0128577248779417,linear
c_0.0_noise_0.5,0.0,0.5,30,Symbolic,200,0,0.5355307606254656,0.0107880395032262,0.2975272948817998,0.5211357384727222,0.5499257827782089,linear
c_0.0_noise_0.5,0.0,0.5,50,Amortized,200,0,-0.0500283105373382,0.0018805408240624,0.0043739699751625,-0.0560384210312136,-0.0440182000434627,linear
c_0.0_noise_0.5,0.0,0.5,50,Binning,200,0,0.8299356711116491,0.013126433641396,0.7018540196567321,0.8140569892588021,0.8458143529644961,linear
c_0.0_noise_0.5,0.0,0.5,50,KSG,200,0,-0.0024761068041242,0.0020956916934752,0.0020913443399132,-0.0088207144396106,0.003868500831362,linear
c_0.0_noise_0.5,0.0,0.5,50,Symbolic,200,0,0.4891841944306017,0.0073957917082487,0.2466599888304243,0.4772653703639397,0.5011030184972638,linear
c_0.0_noise_0.5,0.0,0.5,100,Amortized,200,0,-0.0492231033444404,0.0010442363474796,0.0034619290685997,-0.0537016847897632,-0.0447445218991176,linear
c_0.0_noise_0.5,0.0,0.5,100,Binning,200,0,0.6762549017799813,0.0105399000630676,0.4678078927442044,0.6620263951678521,0.6904834083921104,linear
c_0.0_noise_0.5,0.0,0.5,100,KSG,200,0,0.0002809440705654,0.0016435235019561,0.0016353848140171,-0.0053376678065419,0.0058995559476729,linear
c_0.0_noise_0.5,0.0,0.5,100,Symbolic,200,0,0.3392240350241849,0.0022279412848801,0.1172897475165451,0.3326823000708275,0.3457657699775422,linear
c_0.0_noise_0.5,0.0,0.5,200,Amortized,200,0,-0.0478838256597518,0.000541886966592,0.0028320382915725,-0.0511100564100701,-0.0446575949094335,linear
c_0.0_noise_0.5,0.0,0.5,200,Binning,200,0,0.4280270250438247,0.0047544725666331,0.1879378343716669,0.4184706706625824,0.437583379425067,linear
c_0.0_noise_0.5,0.0,0.5,200,KSG,200,0,0.0003890849486192,0.0008424662471267,0.0008384053029883,-0.0036336121161384,0.004411782013377,linear
c_0.0_noise_0.5,0.0,0.5,200,Symbolic,200,0,0.1796150655684968,0.0007840435629035,0.0330416951242644,0.1757343557421568,0.1834957753948368,linear
c_0.0_noise_1.0,0.0,1.0,10,Amortized,200,0,-0.0701443477272982,0.0208724680623174,0.0256883352400939,-0.09016729372785,-0.0501214017267474,linear
c_0.0_noise_1.0,0.0,1.0,10,Binning,200,0,0.4309484979355169,0.0259992538678084,0.2115858654713476,0.4086013802624727,0.4532956156085602,linear
c_0.0_noise_1.0,0.0,1.0,10,KSG,200,0,0.017728174603175,0.0029452901752083,0.0032448518990929,0.0102066632068259,0.0252496859995231,linear
c_0.0_noise_1.0,0.0,1.0,10,Symbolic,200,0,0.3368966706264299,0.0231806736790274,0.1365641369898055,0.3157956189932345,0.3579977222596244,linear
c_0.0_noise_1.0,0.0,1.0,20,Amortized,200,0,-0.0903930546939368,0.0124482109776228,0.0205568742596358,-0.1058560827433906,-0.0749300266444839,linear
c_0.0_noise_1.0,0.0,1.0,20,Binning,200,0,0.7246920539647813,0.0173178886338329,0.5424098722703573,0.7064535780175241,0.7429305299120377,linear
c_0.0_noise_1.0,0.0,1.0,20,KSG,200,0,0.0140244242631729,0.0037054182760513,0.0038835756605845,0.0055879751140105,0.0224608734123343,linear
c_0.0_noise_1.0,0.0,1.0,20,Symbolic,200,0,0.5159715779320897,0.015737131191841,0.2818851147696123,0.4985854105587753,0.5333577453054031,linear
c_0.0_noise_1.0,0.0,1.0,30,Amortized,200,0,-0.0968383427262301,0.0070250711276981,0.0163676103940224,-0.1084546057320696,-0.0852220797203915,linear
c_0.0_noise_1.0,0.0,1.0,30,Binning,200,0,0.8185972064796586,0.0158780652877803,0.6859000614176423,0.801133361598084,0.8360610513612323,linear
c_0.0_noise_1.0,0.0,1.0,30,KSG,200,0,0.0074816693003202,0.0028334437695009,0.0028752519261727,0.0001043535334183,0.0148589850672213,linear
c_0.0_noise_1.0,0.0,1.0,30,Symbolic,200,0,0.5440161992323175,0.0133769897152712,0.3092637297938715,0.5279866883710671,0.560045710093567,linear
c_0.0_noise_1.0,0.0,1.0,50,Amortized,200,0,-0.0845439270734782,0.0043052220811382,0.0114313715757381,-0.0936375900172271,-0.0754502641297302,linear
c_0.0_noise_1.0,0.0,1.0,50,Binning,200,0,0.8503317579519296,0.0134541906810619,0.7364510183092756,0.8342560590681531,0.8664074568357052,linear
c_0.0_noise_1.0,0.0,1.0,50,KSG,200,0,0.0006105497141917,0.0022493910067585,0.0022385168226782,-0.0059626004025957,0.0071836998309783,linear
c_0.0_noise_1.0,0.0,1.0,50,Symbolic,200,0,0.4985544677940095,0.0071432304819718,0.25566407168693,0.4868409213157765,0.5102680142722417,linear
c_0.0_noise_1.0,0.0,1.0,100,Amortized,200,0,-0.0850050004124636,0.0020820985621584,0.0092975381644705,-0.0913289982921236,-0.0786810025328045,linear
c_0.0_noise_1.0,0.0,1.0,100,Binning,200,0,0.6745188295351379,0.0086491164030104,0.4635815222184478,0.6616296003933685,0.6874080586769064,linear
c_0.0_noise_1.0,0.0,1.0,100,KSG,200,0,-0.0021715926961801,0.0019040109151129,0.0018992066753755,-0.0082190914896893,0.0038759060973281,linear
c_0.0_noise_1.0,0.0,1.0,100,Symbolic,200,0,0.3406907574396848,0.0020287806788084,0.1180888289802406,0.3344482563961479,0.3469332584832209,linear
c_0.0_noise_1.0,0.0,1.0,200,Amortized,200,0,-0.0922551645040507,0.0011317895169945,0.009637145947079,-0.0969177188514483,-0.087592610156654,linear
c_0.0_noise_1.0,0.0,1.0,200,Binning,200,0,0.4313360024568836,0.0046464700162589,0.1906739846816622,0.4218888126063349,0.4407831923074313,linear
c_0.0_noise_1.0,0.0,1.0,200,KSG,200,0,-0.0021819128651577,0.0008491103771265,0.000849625568992,-0.0062204413253582,0.0018566155950418,linear
c_0.0_noise_1.0,0.0,1.0,200,Symbolic,200,0,0.1767665363390448,0.0007153783861879,0.0319582098635598,0.173059652466855,0.1804734202112337,linear
c_0.2_noise_0.3,0.2,0.3,10,Amortized,200,0,-0.0147593156408956,0.0036484129469123,0.0038480082803653,0.002435749882281,0.0191783561171887,linear
c_0.2_noise_0.3,0.2,0.3,10,Binning,200,0,0.4324047174079119,0.0231443465937764,0.2100024644974237,0.4368865749237082,0.4790555971733766,linear
c_0.2_noise_0.3,0.2,0.3,10,KSG,200,0,-0.0082189480057099,0.0021854769263535,0.0022421006480423,0.0108683280440249,0.0238265132258162,linear
c_0.2_noise_0.3,0.2,0.3,10,Symbolic,200,0,0.2945240875659244,0.0258381992278945,0.1124534463882954,0.2978126616395562,0.3423682507735537,linear
c_0.2_noise_0.3,0.2,0.3,20,Amortized,200,0,-0.004623616934984,0.0023148134123248,0.0023246171788247,0.0142746983147432,0.0276108050965497,linear
c_0.2_noise_0.3,0.2,0.3,20,Binning,200,0,0.676934920654167,0.017645963088269,0.475798620073891,0.6840908667304056,0.7209117118591896,linear
c_0.2_noise_0.3,0.2,0.3,20,KSG,200,0,-0.0028303683320294,0.003884725912242,0.0038733132675757,0.014097839895507,0.0313741607216951,linear
c_0.2_noise_0.3,0.2,0.3,20,Symbolic,200,0,0.472387438003838,0.0173355085189675,0.2403987225602026,0.4797060547930122,0.5162015584959249,linear
c_0.2_noise_0.3,0.2,0.3,30,Amortized,200,0,-0.001961657227247,0.0020227404760941,0.0020164748727908,0.0173715100637706,0.0298379127629963,linear
c_0.2_noise_0.3,0.2,0.3,30,Binning,200,0,0.7938344983587289,0.0142217611824569,0.6443238631609997,0.8028729636600779,0.835928770338641,linear
c_0.2_noise_0.3,0.2,0.3,30,KSG,200,0,-0.0059643481637386,0.0044605884639252,0.0044738589706239,0.0103457262283776,0.028858314725406,linear
c_0.2_noise_0.3,0.2,0.3,30,Symbolic,200,0,0.5146444135763901,0.0144823898005382,0.279268850276922,0.5235321209011733,0.5568894435328678,linear
c_0.2_noise_0.3,0.2,0.3,50,Amortized,200,0,-0.0003053177010705,0.001075209880997,0.0010699270504906,0.0207165343102371,0.0298055675688826,linear
c_0.2_noise_0.3,0.2,0.3,50,Binning,200,0,0.81224304713188,0.0143195230699503,0.673986693068682,0.8212248024478771,0.8543940290971438,linear
c_0.2_noise_0.3,0.2,0.3,50,KSG,200,0,0.0043611051053535,0.0028044271342541,0.0028094242363228,0.0225880298709513,0.0372669176210167,linear
c_0.2_noise_0.3,0.2,0.3,50,Symbolic,200,0,0.4812912851535691,0.0071111231181963,0.2387168686673796,0.4951704619649228,0.5185448456234765,linear
c_0.2_noise_0.3,0.2,0.3,100,Amortized,200,0,0.0034421837914296,0.0004996227219807,0.0005089732376248,0.0259106897424293,0.032106415121691,linear
c_0.2_noise_0.3,0.2,0.3,100,Binning,200,0,0.6467991322886759,0.0099336973558964,0.4282331463985012,0.6585522298173627,0.6861787720412502,linear
c_0.2_noise_0.3,0.2,0.3,100,KSG,200,0,-0.0043495862419086,0.0018591270119206,0.0018687502773368,0.0152409885899485,0.027192576207495,linear
c_0.2_noise_0.3,0.2,0.3,100,Symbolic,200,0,0.3207104596517497,0.0026735035181613,0.1055153349306072,0.3391107515709905,0.35344290501377,linear
c_0.2_noise_0.3,0.2,0.3,200,Amortized,200,0,0.0033802232134649,0.0003332877912888,0.0003430472613053,0.0264164155963858,0.031476768111805,linear
c_0.2_noise_0.3,0.2,0.3,200,Binning,200,0,0.4092867433715171,0.0046018763553756,0.1720945052732609,0.4254513653109194,0.4442548587133759,linear
c_0.2_noise_0.3,0.2,0.3,200,KSG,200,0,-0.0014850953849037,0.0014287867097366,0.0014238482844902,0.0188425582300146,0.0293199882814387,linear
c_0.2_noise_0.3,0.2,0.3,200,Symbolic,200,0,0.1666079509813739,0.0008115210932063,0.0285656728179521,0.1882261938440805,0.1961224453999283,linear
c_0.2_noise_0.5,0.2,0.5,10,Amortized,200,0,-0.0134397280227831,0.008901392005143,0.0090375113344437,-0.0009492126099456,0.0252024938456405,linear
c_0.2_noise_0.5,0.2,0.5,10,Binning,200,0,0.4195715644150541,0.0221886817612799,0.1981180360181695,0.4244933163416194,0.4657825497697501,linear
c_0.2_noise_0.5,0.2,0.5,10,KSG,200,0,-0.0056231146723766,0.0030985569145488,0.0031146835485947,0.0122285225267419,0.0276579854097658,linear
c_0.2_noise_0.5,0.2,0.5,10,Symbolic,200,0,0.3114667235114338,0.0181895825924814,0.1151101545344669,0.3183412355712861,0.3557249487328426,linear
c_0.2_noise_0.5,0.2,0.5,20,Amortized,200,0,-0.0122621371161631,0.0039991157768357,0.0041294802046071,0.0045398139259352,0.0220686491229996,linear
c_0.2_noise_0.5,0.2,0.5,20,Binning,200,0,0.6966278248207172,0.0150989192757381,0.5003137509938032,0.7051642186684016,0.7392241682542938,linear
c_0.2_noise_0.5,0.2,0.5,20,KSG,200,0,-0.0078190735327025,0.0037165119441692,0.0037590672953581,0.0092982264359617,0.0261963637798943,linear
c_0.2_noise_0.5,0.2,0.5,20,Symbolic,200,0,0.4624389206774925,0.0160973340809636,0.229866602767923,0.4704212740477945,0.5055893045884517,linear
c_0.2_noise_0.5,0.2,0.5,30,Amortized,200,0,-0.0185133807074717,0.0040765763629871,0.0043989387463919,-0.0017959034539165,0.0159018793202342,linear
c_0.2_noise_0.5,0.2,0.5,30,Binning,200,0,0.8071315459655487,0.0140737566302942,0.6654647203398794,0.8162562383730608,0.8491395908392977,linear
c_0.2_noise_0.5,0.2,0.5,30,KSG,200,0,-0.00416643545139,0.0050508106931914,0.005042915824096,0.0115502645757886,0.0312496018026925,linear
c_0.2_noise_0.5,0.2,0.5,30,Symbolic,200,0,0.5033465947658069,0.0131314773605082,0.2664236144360391,0.5130312312231823,0.5447946955896926,linear
c_0.2_noise_0.5,0.2,0.5,50,Amortized,200,0,-0.0125357040774515,0.0021657831817238,0.0023120981425327,0.0065808301967357,0.0194804989296222,linear
c_0.2_noise_0.5,0.2,0.5,50,Binning,200,0,0.8262899158768996,0.0145877922869664,0.6972698784053856,0.8351170397840288,0.8685955292510315,linear
c_0.2_noise_0.5,0.2,0.5,50,KSG,200,0,0.0062131947495249,0.0029766982128709,0.0030004185108021,0.0242180543296025,0.0393410724507085,linear
c_0.2_noise_0.5,0.2,0.5,50,Symbolic,200,0,0.4767857027533191,0.0065878833927858,0.2338795503257983,0.4911030685844278,0.5136010742034717,linear
c_0.2_noise_0.5,0.2,0.5,100,Amortized,200,0,-0.0130905695569209,0.001231345766843,0.0013965520493333,0.0076124988164507,0.0173390993509686,linear
c_0.2_noise_0.5,0.2,0.5,100,Binning,200,0,0.6435320730274018,0.0120972995425241,0.4261703420597568,0.6538549207619948,0.6843419625740699,linear
c_0.2_noise_0.5,0.2,0.5,100,KSG,200,0,-0.0032324026822954,0.0020831036334163,0.0020831365423497,0.0160084419017323,0.0286594900149379,linear
c_0.2_noise_0.5,0.2,0.5,100,Symbolic,200,0,0.3133524030328704,0.0023310386123574,0.1005091119057701,0.3322273899278403,0.3456101534191617,linear
c_0.2_noise_0.5,0.2,0.5,200,Amortized,200,0,-0.0117389102589777,0.0004939060710856,0.0006292385547985,0.0107473694521878,0.0169075473111177,linear
c_0.2_noise_0.5,0.2,0.5,200,Binning,200,0,0.417668243746519,0.0038273016334632,0.1782549269595976,0.4346605346072621,0.4518086901670372,linear
c_0.2_noise_0.5,0.2,0.5,200,KSG,200,0,-0.0034367961992435,0.0012655590516155,0.0012710428244726,0.017199171011135,0.0270599738716391,linear
c_0.2_noise_0.5,0.2,0.5,200,Symbolic,200,0,0.1635926088545768,0.0008391637413485,0.0275975095944884,0.1851441727497903,0.1931737822406245,linear
c_0.2_noise_1.0,0.2,1.0,10,Amortized,200,0,-0.0355627365123921,0.0194882789291648,0.0206555457627688,-0.0293439998113914,0.0093512640678688,linear
c_0.2_noise_1.0,0.2,1.0,10,Binning,200,0,0.4066060332869744,0.0247586837356835,0.1899633566223732,0.410364953723035,0.4539798501321753,linear
c_0.2_noise_1.0,0.2,1.0,10,KSG,200,0,-0.0040312495930118,0.0030584071240793,0.0030593660617401,0.0138705326896139,0.029199705405624,linear
c_0.2_noise_1.0,0.2,1.0,10,Symbolic,200,0,0.3030737710290649,0.0230431355366016,0.1147816305446967,0.307601780717842,0.3496784986215495,linear
c_0.2_noise_1.0,0.2,1.0,20,Amortized,200,0,-0.0309670903992348,0.0104433254418729,0.0113500695024579,-0.0195638921341765,0.0087624486169684,linear
c_0.2_noise_1.0,0.2,1.0,20,Binning,200,0,0.6933410839056734,0.0156710813180056,0.4963145845429096,0.7015578090353771,0.7362570960572312,linear
c_0.2_noise_1.0,0.2,1.0,20,KSG,200,0,-0.0090096990642919,0.0035951749560992,0.0036583737585478,0.0082466683394705,0.0248666708132072,linear
c_0.2_noise_1.0,0.2,1.0,20,Symbolic,200,0,0.4666296926557139,0.0175027427912371,0.2351584991452469,0.4738605033955312,0.5105316191971582,linear
c_0.2_noise_1.0,0.2,1.0,30,Amortized,200,0,-0.0224941963863068,0.0063612954105191,0.0068354778045322,-0.0079816850925595,0.0141260296012075,linear
c_0.2_noise_1.0,0.2,1.0,30,Binning,200,0,0.78725536011279,0.0165833423296754,0.6362714276443455,0.7949742404296144,0.8306692170772271,linear
c_0.2_noise_1.0,0.2,1.0,30,KSG,200,0,0.000946396776405,0.0037238319031923,0.0037061084105348,0.0180553802894376,0.034970150544634,linear
c_0.2_noise_1.0,0.2,1.0,30,Symbolic,200,0,0.5265775900756547,0.0132082814032955,0.2904261983661633,0.5362158493120122,0.5680720681205589,linear
c_0.2_noise_1.0,0.2,1.0,50,Amortized,200,0,-0.0228546092521839,0.0043577926119866,0.0048583368129966,-0.0064372558859441,0.0118607746628377,linear
c_0.2_noise_1.0,0.2,1.0,50,Binning,200,0,0.8099895641298918,0.0138320740726081,0.6698460077015773,0.8192560407835596,0.8518558247574854,linear
c_0.2_noise_1.0,0.2,1.0,50,KSG,200,0,-0.0022717196259128,0.0032742708142958,0.0032630601702831,0.0153641891414826,0.0312251088879532,linear
c_0.2_noise_1.0,0.2,1.0,50,Symbolic,200,0,0.4808426748443728,0.0070153717784268,0.2381899728710259,0.4948008023986019,0.5180172845714052,linear
c_0.2_noise_1.0,0.2,1.0,100,Amortized,200,0,-0.0227321800601177,0.0028356011772162,0.0033381751816158,-0.0045459352268475,0.0102143123878736,linear
c_0.2_noise_1.0,0.2,1.0,100,Binning,200,0,0.6518929750649683,0.0109903180078648,0.435899817356881,0.6629299931249617,0.6919886942862365,linear
c_0.2_noise_1.0,0.2,1.0,100,KSG,200,0,0.0017146525111162,0.0018722713296916,0.001865850006277,0.0212841396537752,0.0332779026497188,linear
c_0.2_noise_1.0,0.2,1.0,100,Symbolic,200,0,0.3167907805989763,0.0023000533828128,0.1026449517884075,0.3357103887221017,0.3490039097571125,linear
c_0.2_noise_1.0,0.2,1.0,200,Amortized,200,0,-0.0294299330722981,0.0011460718168942,0.0020064624184496,-0.0085554454466658,0.0008283165833312,linear
c_0.2_noise_1.0,0.2,1.0,200,Binning,200,0,0.3986791903384702,0.0041688614436542,0.1630931139453741,0.415297068010803,0.4331940499473989,linear
c_0.2_noise_1.0,0.2,1.0,200,KSG,200,0,-0.001046821297834,0.0014473976834232,0.0014412565298356,0.0192468236914764,0.0297922709941171,linear
c_0.2_noise_1.0,0.2,1.0,200,Symbolic,200,0,0.1679840918823383,0.0008570841205517,0.0290714538254828,0.189493014061516,0.1976079069844221,linear
c_0.4_noise_0.3,0.4,0.3,10,Amortized,200,0,-0.0335904116868849,0.0045631322525511,0.0056686323485827,0.0491000174519843,0.0678241883876495,linear
c_0.4_noise_0.3,0.4,0.3,10,Binning,200,0,0.3665122404507923,0.0209633021440098,0.1551897080335491,0.4384982878152978,0.4786312222996906,linear
c_0.4_noise_0.3,0.4,0.3,10,KSG,200,0,-0.0543265225432098,0.0035830845807125,0.0065165402094468,0.0294299756323169,0.046022008494667,linear
c_0.4_noise_0.3,0.4,0.3,10,Symbolic,200,0,0.2217529770169417,0.0253151980652003,0.0743630048907506,0.2917543164976697,0.3358566667496175,linear
c_0.4_noise_0.3,0.4,0.3,20,Amortized,200,0,-0.0272154235780116,0.0023934254637228,0.0031221376169348,0.0580567579758684,0.0716174240815121,linear
c_0.4_noise_0.3,0.4,0.3,20,Binning,200,0,0.6211074463805328,0.0168531158561588,0.4025433102262243,0.6951678891397488,0.7311520328347207,linear
c_0.4_noise_0.3,0.4,0.3,20,KSG,200,0,-0.0352458994672402,0.0060084445415219,0.0072206757480691,0.046063701067686,0.0675495292112372,linear
c_0.4_noise_0.3,0.4,0.3,20,Symbolic,200,0,0.4250512805511504,0.0151815987476606,0.1957742818520951,0.500027257196513,0.5341803331191917,linear
c_0.4_noise_0.3,0.4,0.3,30,Amortized,200,0,-0.0235477482020731,0.0020813883396377,0.0026254778433277,0.0621818472032027,0.0748276856060547,linear
c_0.4_noise_0.3,0.4,0.3,30,Binning,200,0,0.7181924398369032,0.0133371708501556,0.5290708656347887,0.7942393186333728,0.8262505902538374,linear
c_0.4_noise_0.3,0.4,0.3,30,KSG,200,0,-0.0322045974060852,0.0056578785686119,0.0066667252698569,0.0494231135311992,0.070272720870034,linear
c_0.4_noise_0.3,0.4,0.3,30,Symbolic,200,0,0.4495232075873771,0.0111846285330187,0.2131998195499977,0.52691849377728,0.5562329506108781,linear
c_0.4_noise_0.3,0.4,0.3,50,Amortized,200,0,-0.0182052476346369,0.0010312284529978,0.0013575033521713,0.0693966674478229,0.0782978664963069,linear
c_0.4_noise_0.3,0.4,0.3,50,Binning,200,0,0.7495089400895361,0.0130411393426939,0.5747395849201201,0.8257344459929339,0.8573884633995421,linear
c_0.4_noise_0.3,0.4,0.3,50,KSG,200,0,-0.0194389937516818,0.0041746297594013,0.0045316310886822,0.0636588411612186,0.0815682005488215,linear
c_0.4_noise_0.3,0.4,0.3,50,Symbolic,200,0,0.4170622779789645,0.0064126552135611,0.1803215356504964,0.4980164016508469,0.5202131835204858,linear
c_0.4_noise_0.3,0.4,0.3,100,Amortized,200,0,-0.0133689127504702,0.0006418373244446,0.0008173559659521,0.0751724181059939,0.0821947856064692,linear
c_0.4_noise_0.3,0.4,0.3,100,Binning,200,0,0.588352401796668,0.0084276526410762,0.3545440630777788,0.6676817740269838,0.6931280587797561,linear
c_0.4_noise_0.3,0.4,0.3,100,KSG,200,0,-0.0044432428998448,0.0035878964281663,0.0035896993534925,0.0793076866418095,0.0959108567719045,linear
c_0.4_noise_0.3,0.4,0.3,100,Symbolic,200,0,0.2630933279754134,0.0021848980088502,0.0713920727439844,0.3486676081811388,0.3616240769830917,linear
c_0.4_noise_0.3,0.4,0.3,200,Amortized,200,0,-0.015360437327611,0.0003314414385561,0.0005657272662588,0.0741689191089029,0.0792152354492787,linear
c_0.4_noise_0.3,0.4,0.3,200,Binning,200,0,0.3528236491884413,0.0042246269398939,0.1286880312318427,0.4358680211307821,0.4538843064595043,linear
c_0.4_noise_0.3,0.4,0.3,200,KSG,200,0,-0.0074953118593273,0.001848095944964,0.0018950351651078,0.0785991638996604,0.0905152415950886,linear
c_0.4_noise_0.3,0.4,0.3,200,Symbolic,200,0,0.1240827813555182,0.0010960633428707,0.0164871196550777,0.2115469210113403,0.2207236709130999,linear
c_0.4_noise_0.5,0.4,0.5,10,Amortized,200,0,-0.0484873694419735,0.0105111294739112,0.012809598821944,0.0293560714815183,0.0577742188479379,linear
c_0.4_noise_0.5,0.4,0.5,10,Binning,200,0,0.3638178257302613,0.0256942497056147,0.1579291887761814,0.4336546893596576,0.4780859913142684,linear
c_0.4_noise_0.5,0.4,0.5,10,KSG,200,0,-0.0632193796860668,0.0039917532057095,0.007968484407572,0.0200767889033016,0.0375894809379681,linear
c_0.4_noise_0.5,0.4,0.5,10,Symbolic,200,0,0.2447933396445589,0.0194286743489237,0.0792553101115154,0.3175278321761587,0.3561638763263626,linear
c_0.4_noise_0.5,0.4,0.5,20,Amortized,200,0,-0.0249128390490883,0.0048392920217834,0.0054357451111603,0.057498455657911,0.0767808954573157,linear
c_0.4_noise_0.5,0.4,0.5,20,Binning,200,0,0.6176363022552483,0.0170905344898278,0.3984796836809153,0.6915704563820222,0.7278071773418779,linear
c_0.4_noise_0.5,0.4,0.5,20,KSG,200,0,-0.0348564252374794,0.0056938759688658,0.0068803769693575,0.0467381751598793,0.067654003578565,linear
c_0.4_noise_0.5,0.4,0.5,20,Symbolic,200,0,0.413722268589527,0.0151816398499657,0.1862718471775806,0.4886982221185953,0.522851344273862,linear
c_0.4_noise_0.5,0.4,0.5,30,Amortized,200,0,-0.0263642285406464,0.0028929364378662,0.0035735443022203,0.0582339233770969,0.0731426487550136,linear
c_0.4_noise_0.5,0.4,0.5,30,Binning,200,0,0.7104017954174925,0.0145813041419132,0.5191791085536006,0.7857187882230112,0.8191898318253772,linear
c_0.4_noise_0.5,0.4,0.5,30,KSG,200,0,-0.0249139920321739,0.0059244341782525,0.0065155190063405,0.0564709768541722,0.0778060682948833,linear
c_0.4_noise_0.5,0.4,0.5,30,Symbolic,200,0,0.4388738381643123,0.0137414333632197,0.2062829720214786,0.5146799546458688,0.5471727508961594,linear
c_0.4_noise_0.5,0.4,0.5,50,Amortized,200,0,-0.0288271866977089,0.0022812099323188,0.0031008105755617,0.0566058505595353,0.0698448052584501,linear
c_0.4_noise_0.5,0.4,0.5,50,Binning,200,0,0.7434689714665091,0.0137248858230731,0.5664023729274268,0.819284872913762,0.8517580992326598,linear
c_0.4_noise_0.5,0.4,0.5,50,KSG,200,0,-0.0243535947378543,0.0043020576989266,0.0048736449870876,0.0586085995070018,0.0767892402306928,linear
c_0.4_noise_0.5,0.4,0.5,50,Symbolic,200,0,0.409571414140352,0.0076813063399845,0.1753916430892123,0.4894772200496978,0.5137706374444098,linear
c_0.4_noise_0.5,0.4,0.5,100,Amortized,200,0,-0.0184935765802735,0.0010690294060166,0.001405696633717,0.0690275015179059,0.0780903745349504,linear
c_0.4_noise_0.5,0.4,0.5,100,Binning,200,0,0.5936862874139791,0.0076631892588788,0.3600882811759782,0.6736064263553568,0.6978711776860048,linear
c_0.4_noise_0.5,0.4,0.5,100,KSG,200,0,-0.003779991175135,0.0029865461250557,0.0029859017277146,0.0806985166999831,0.09584653016315,linear
c_0.4_noise_0.5,0.4,0.5,100,Symbolic,200,0,0.2722233322156439,0.0023353427606813,0.0764292086494667,0.3575782902718439,0.3709734033728472,linear
c_0.4_noise_0.5,0.4,0.5,200,Amortized,200,0,-0.017900696510064,0.0006095084455768,0.0009268958388943,0.0707302047019597,0.0775734314913156,linear
c_0.4_noise_0.5,0.4,0.5,200,Binning,200,0,0.3591287361507684,0.004823249363912,0.1337725822463406,0.4415560248493669,0.4608064766655734,linear
c_0.4_noise_0.5,0.4,0.5,200,KSG,200,0,-0.0023714489018507,0.0019962837199538,0.0019919260712481,0.0834887626039947,0.0958733688057072,linear
c_0.4_noise_0.5,0.4,0.5,200,Symbolic,200,0,0.1254039380311415,0.0010556768624381,0.0167765461518443,0.2129534046507891,0.2219595006248973,linear
c_0.4_noise_1.0,0.4,1.0,10,Amortized,200,0,-0.0356623003125067,0.0192586177371585,0.0204341243120521,0.0371569220774335,0.0756235065109567,linear
c_0.4_noise_1.0,0.4,1.0,10,Binning,200,0,0.3597039497789913,0.0253328422903514,0.1545931095655067,0.4296976059675186,0.4738153228038677,linear
c_0.4_noise_1.0,0.4,1.0,10,KSG,200,0,-0.0603046971463844,0.0037630681167474,0.0073809092740808,0.0232459933980067,0.040249641522628,linear
c_0.4_noise_1.0,0.4,1.0,10,Symbolic,200,0,0.2459435402919603,0.0226098509729887,0.0829850267294669,0.3171564287626403,0.3588356810346841,linear
c_0.4_noise_1.0,0.4,1.0,20,Amortized,200,0,-0.0399448472499724,0.0099904784554807,0.0115361168850269,0.0382549741105453,0.0659603606029135,linear
c_0.4_noise_1.0,0.4,1.0,20,Binning,200,0,0.6048823580960131,0.0171641777920769,0.3829610240389099,0.6787775180762774,0.7150922273291527,linear
c_0.4_noise_1.0,0.4,1.0,20,KSG,200,0,-0.0436668584607321,0.0043483044519903,0.00623335745756,0.0392466063094806,0.0575247059824588,linear
c_0.4_noise_1.0,0.4,1.0,20,Symbolic,200,0,0.4056553397783236,0.0190672655557525,0.1835281839186409,0.4785703509743166,0.5168453577957344,linear
c_0.4_noise_1.0,0.4,1.0,30,Amortized,200,0,-0.018943271541583,0.0081218539156835,0.0084400921828033,0.0606190641227477,0.0855994220074898,linear
c_0.4_noise_1.0,0.4,1.0,30,Binning,200,0,0.7121573342985484,0.014330328654954,0.5214267458068939,0.7876189793438212,0.8208007184666796,linear
c_0.4_noise_1.0,0.4,1.0,30,KSG,200,0,-0.025762787006614,0.0055334761054312,0.0061695299192522,0.0559801684905467,0.076599286709629,linear
c_0.4_noise_1.0,0.4,1.0,30,Symbolic,200,0,0.4481412603471468,0.0132605161009847,0.214024802746009,0.5242342012356157,0.5561533486720817,linear
c_0.4_noise_1.0,0.4,1.0,50,Amortized,200,0,-0.0166468390762682,0.0039341755179126,0.0041916218915542,0.0667127103661145,0.0840986406947527,linear
c_0.4_noise_1.0,0.4,1.0,50,Binning,200,0,0.7433121066542389,0.0157135963282879,0.5681479162454091,0.817991459249558,0.8527377832723236,linear
c_0.4_noise_1.0,0.4,1.0,50,KSG,200,0,-0.0235736820081448,0.0042764427177613,0.0048107789875937,0.0594156150836365,0.0775420501134774,linear
c_0.4_noise_1.0,0.4,1.0,50,Symbolic,200,0,0.4016418710336897,0.0063542735585488,0.1676386947581991,0.4826466308226647,0.5047421404581185,linear
c_0.4_noise_1.0,0.4,1.0,100,Amortized,200,0,-0.0125531551182146,0.0021582517464561,0.0023050421911458,0.073060749425288,0.0859379695516863,linear
c_0.4_noise_1.0,0.4,1.0,100,Binning,200,0,0.5857652750537018,0.0081781374311967,0.3512582042027797,0.6652844076835218,0.6903511716372857,linear
c_0.4_noise_1.0,0.4,1.0,100,KSG,200,0,-0.0088484579802691,0.0027317733184172,0.0027964096604537,0.0759603074659386,0.0904478057869268,linear
c_0.4_noise_1.0,0.4,1.0,100,Symbolic,200,0,0.2718555669900758,0.0025712031670394,0.0764637964546998,0.3568804454058176,0.3709357177877379,linear
c_0.4_noise_1.0,0.4,1.0,200,Amortized,200,0,-0.0147747341334697,0.0010522815323096,0.0012653128933628,0.0727819798023167,0.0817735811441476,linear
c_0.4_noise_1.0,0.4,1.0,200,Binning,200,0,0.3682844971128513,0.0043427173027209,0.1399544745298732,0.451203835166422,0.4694701882726844,linear
c_0.4_noise_1.0,0.4,1.0,200,KSG,200,0,-0.0065703115615368,0.0015880431417683,0.0016232719200751,0.0799592389255019,0.0910051671648282,linear
c_0.4_noise_1.0,0.4,1.0,200,Symbolic,200,0,0.1231163405682089,0.0009151451609331,0.0160682027500357,0.2109762297145097,0.219361480635312,linear
c_0.6_noise_0.3,0.6,0.3,10,Amortized,200,0,-0.0882858865254041,0.0048718109657943,0.0126418496705419,0.0834353268764636,0.1027824450113155,linear
c_0.6_noise_0.3,0.6,0.3,10,Binning,200,0,0.2519078492332511,0.0243723299454801,0.0877080328010751,0.4116659927231316,0.454939250681958,linear
c_0.6_noise_0.3,0.6,0.3,10,KSG,200,0,-0.1201038994534207,0.0046038340149664,0.019005761508809,0.051887126753905,0.0706946192778409,linear
c_0.6_noise_0.3,0.6,0.3,10,Symbolic,200,0,0.1498803795886354,0.0220525256911252,0.044406391248303,0.3106939734358206,0.3518563306800376,linear
c_0.6_noise_0.3,0.6,0.3,20,Amortized,200,0,-0.0770428209297772,0.00324963321631,0.0091689813070462,0.0964513847991564,0.1122525182798764,linear
c_0.6_noise_0.3,0.6,0.3,20,Binning,200,0,0.5259932727820971,0.0154355086213695,0.2920272540902842,0.6901692982122108,0.7246067922905707,linear
c_0.6_noise_0.3,0.6,0.3,20,KSG,200,0,-0.0877069334926098,0.007808385718384,0.0154618499724692,0.081441064998255,0.1059346129551127,linear
c_0.6_noise_0.3,0.6,0.3,20,Symbolic,200,0,0.3261759634906341,0.0163299002297294,0.1226390098876243,0.4898601537105312,0.5252813182093246,linear
c_0.6_noise_0.3,0.6,0.3,30,Amortized,200,0,-0.0713632585995312,0.0017695483830597,0.006853415319088,0.104201463669137,0.1158615640703877,linear
c_0.6_noise_0.3,0.6,0.3,30,Binning,200,0,0.6278962652591085,0.0165088330553402,0.4106800088164003,0.7914836890956894,0.8270983863611149,linear
c_0.6_noise_0.3,0.6,0.3,30,KSG,200,0,-0.0621924370943627,0.0059436976719931,0.0097818784153694,0.1085174607905643,0.1298872099592976,linear
c_0.6_noise_0.3,0.6,0.3,30,Symbolic,200,0,0.3505627614827842,0.0124179621345852,0.1352501220623478,0.5165133047164989,0.5474017631876569,linear
c_0.6_noise_0.3,0.6,0.3,50,Amortized,200,0,-0.0639846395247098,0.001315085262247,0.0054025439310428,0.1123841845050113,0.1224360813841563,linear
c_0.6_noise_0.3,0.6,0.3,50,Binning,200,0,0.6574574519197885,0.0165185884947793,0.4486862966371664,0.8210396151527092,0.8566648336254553,linear
c_0.6_noise_0.3,0.6,0.3,50,KSG,200,0,-0.0415287877180197,0.0065029178628314,0.0081950434828456,0.1286897579143997,0.1510422115881481,linear
c_0.6_noise_0.3,0.6,0.3,50,Symbolic,200,0,0.3215161603639654,0.0062058574474052,0.1095474695353554,0.4919929609588788,0.5138289047076395,linear
c_0.6_noise_0.3,0.6,0.3,100,Amortized,200,0,-0.0585689344995137,0.0006623831205878,0.0040893912933931,0.1192588988085031,0.1263927771310568,linear
c_0.6_noise_0.3,0.6,0.3,100,Binning,200,0,0.4975028888856688,0.0073063185813852,0.2547789114380646,0.667051152700036,0.6907441700098891,linear
c_0.6_noise_0.3,0.6,0.3,100,KSG,200,0,-0.0168590324436753,0.0035858708811091,0.0038521685016404,0.1562364986214691,0.1728349814297675,linear
c_0.6_noise_0.3,0.6,0.3,100,Symbolic,200,0,0.2053720219004786,0.0030501430970971,0.0452125597611022,0.3791125701367724,0.3944210186027721,linear
c_0.6_noise_0.3,0.6,0.3,200,Amortized,200,0,-0.0586802894466039,0.0003504884607976,0.0037921123880308,0.1201198380845526,0.1253091279608269,linear
c_0.6_noise_0.3,0.6,0.3,200,Binning,200,0,0.2992352609483626,0.0042133065115123,0.0937339813737894,0.4716339680847939,0.4896260987505187,linear
c_0.6_noise_0.3,0.6,0.3,200,KSG,200,0,-0.0102127291764708,0.0019854836263227,0.002079856045423,0.1650065133969833,0.1773575731886623,linear
c_0.6_noise_0.3,0.6,0.3,200,Symbolic,200,0,0.0651459216466201,0.0011374526919349,0.0053757565356628,0.2418664892309429,0.2512148990008848,linear
c_0.6_noise_0.5,0.6,0.5,10,Amortized,200,0,-0.0849056123190034,0.0104041426136843,0.0175610849038808,0.0823525844926682,0.1106257358079107,linear
c_0.6_noise_0.5,0.6,0.5,10,Binning,200,0,0.2700594147443828,0.0206158884703648,0.0934448965200916,0.4315546900909148,0.4713536843364366,linear
c_0.6_noise_0.5,0.6,0.5,10,KSG,200,0,-0.1216364391359597,0.0040690762041183,0.0188441541487737,0.0509175858689666,0.0685990807976999,linear
c_0.6_noise_0.5,0.6,0.5,10,Symbolic,200,0,0.133731835010723,0.0219282687720372,0.0397028311235123,0.2946034940082913,0.3356497209517409,linear
c_0.6_noise_0.5,0.6,0.5,20,Amortized,200,0,-0.0737016844742407,0.0046871806488494,0.0100956830399457,0.0982046020303106,0.1171815739597939,linear
c_0.6_noise_0.5,0.6,0.5,20,Binning,200,0,0.5229545265095605,0.0173518150803784,0.2907464928018152,0.6860929668153573,0.7226056311423499,linear
c_0.6_noise_0.5,0.6,0.5,20,KSG,200,0,-0.0881501209918144,0.0067365182149987,0.0144732794547953,0.081869457330841,0.104619845624116,linear
c_0.6_noise_0.5,0.6,0.5,20,Symbolic,200,0,0.337124550839639,0.0155524737526952,0.12912767416276,0.5012354604350902,0.5358031861827739,linear
c_0.6_noise_0.5,0.6,0.5,30,Amortized,200,0,-0.0693261188857664,0.0036987033069782,0.0084863205502067,0.103639852178793,0.12049745498826,linear
c_0.6_noise_0.5,0.6,0.5,30,Binning,200,0,0.6260897124907377,0.0131768015162963,0.4050992455954494,0.7915753679661489,0.8233936019539126,linear
c_0.6_noise_0.5,0.6,0.5,30,KSG,200,0,-0.0751639054182293,0.0060894092142704,0.0117085748459196,0.095415814014314,0.1170459200878133,linear
c_0.6_noise_0.5,0.6,0.5,30,Symbolic,200,0,0.3728943484192757,0.0119867365576141,0.1509769979578623,0.5391154187760765,0.569462823001061,linear
c_0.6_noise_0.5,0.6,0.5,50,Amortized,200,0,-0.0653285189859975,0.0021595230187298,0.00641654079654,0.1096257474361153,0.1225067595304754,linear
c_0.6_noise_0.5,0.6,0.5,50,Binning,200,0,0.6550605597663851,0.0155152460650937,0.4445420067962179,0.8191921677975365,0.8537184966738198,linear
c_0.6_noise_0.5,0.6,0.5,50,KSG,200,0,-0.0494402608513136,0.0049750453128744,0.007394509479356,0.1221789978018317,0.1417300254341269,linear
c_0.6_noise_0.5,0.6,0.5,50,Symbolic,200,0,0.3279782411743348,0.0074915540579686,0.1150238229714889,0.4973772739688324,0.5213687533184234,linear
c_0.6_noise_0.5,0.6,0.5,100,Amortized,200,0,-0.0577551670663465,0.0009616744442194,0.0042925253948599,0.1193417172326275,0.1279374935732654,linear
c_0.6_noise_0.5,0.6,0.5,100,Binning,200,0,0.4969438878105952,0.0099214073692426,0.2568250279647057,0.6645339367133545,0.6921433838464219,linear
c_0.6_noise_0.5,0.6,0.5,100,KSG,200,0,-0.0214879951591343,0.003539917321534,0.0039839516708853,0.1516608854898626,0.1681526691304546,linear
c_0.6_noise_0.5,0.6,0.5,100,Symbolic,200,0,0.1969561257692309,0.0029594521022249,0.0417363703197389,0.3708113255729456,0.3858904709041023,linear
c_0.6_noise_0.5,0.6,0.5,200,Amortized,200,0,-0.0557151594154943,0.0004425108526901,0.0035444772871206,0.1227641802457111,0.128595045861886,linear
c_0.6_noise_0.5,0.6,0.5,200,Binning,200,0,0.3018664975353345,0.0038115675614412,0.0949158920578842,0.4747048344313199,0.4918177055779352,linear
c_0.6_noise_0.5,0.6,0.5,200,KSG,200,0,-0.0111765645253752,0.0019128242916319,0.0020281757647637,0.1641567288345198,0.1762796870533157,linear
c_0.6_noise_0.5,0.6,0.5,200,Symbolic,200,0,0.0657622953869326,0.0010859289637868,0.005405178813526,0.2425899545954867,0.2517241811169645,linear
c_0.6_noise_1.0,0.6,1.0,10,Amortized,200,0,-0.0653637496523969,0.020465969455957,0.0246360593772984,0.0962040124192085,0.1358580332145842,linear
c_0.6_noise_1.0,0.6,1.0,10,Binning,200,0,0.2564159758027805,0.017441026649962,0.0831029741636044,0.4195075452766287,0.456113951267519,linear
c_0.6_noise_1.0,0.6,1.0,10,KSG,200,0,-0.1314156058026268,0.0038338184519457,0.0210847108081573,0.0413977923696805,0.0585605409636526,linear
c_0.6_noise_1.0,0.6,1.0,10,Symbolic,200,0,0.152936501860042,0.020157741208045,0.0434465261031914,0.3146541329433482,0.3540084157153226,linear
c_0.6_noise_1.0,0.6,1.0,20,Amortized,200,0,-0.0438217454247586,0.0120644688067893,0.0139244918348277,0.122350204808142,0.1527958492809273,linear
c_0.6_noise_1.0,0.6,1.0,20,Binning,200,0,0.5199951797357297,0.0157397414563309,0.2860560296974432,0.684002342999235,0.7187775614108112,linear
c_0.6_noise_1.0,0.6,1.0,20,KSG,200,0,-0.0866782104934724,0.0073108241983773,0.0147873822517361,0.0828664011666829,0.106566722784959,linear
c_0.6_noise_1.0,0.6,1.0,20,Symbolic,200,0,0.3183273157713836,0.0180545741671538,0.1192965812625323,0.481099729082861,0.518344447398493,linear
c_0.6_noise_1.0,0.6,1.0,30,Amortized,200,0,-0.0438400383584612,0.0066815574713696,0.0085700986472841,0.1262260379850608,0.1488834302366035,linear
c_0.6_noise_1.0,0.6,1.0,30,Binning,200,0,0.6292500027218263,0.0172046273368896,0.4130741701256235,0.7924660381093811,0.8288235122728582,linear
c_0.6_noise_1.0,0.6,1.0,30,KSG,200,0,-0.0677539156497663,0.006423486314454,0.0109819619687574,0.1025330971386537,0.1247486165004002,linear
c_0.6_noise_1.0,0.6,1.0,30,Symbolic,200,0,0.3685581698084017,0.0114980801444932,0.1472757142762895,0.5350917470560641,0.5648141374993261,linear
c_0.6_noise_1.0,0.6,1.0,50,Amortized,200,0,-0.0388583427958601,0.004823527938106,0.006309381103256,0.1329109258094716,0.1521619335373949,linear
c_0.6_noise_1.0,0.6,1.0,50,Binning,200,0,0.6436293795833834,0.0133886041575081,0.4275804393996115,0.8089876839671719,0.8410606201381816,linear
c_0.6_noise_1.0,0.6,1.0,50,KSG,200,0,-0.0462134066714813,0.0057261135903257,0.0078331619785578,0.1246938880341656,0.1456688435614584,linear
c_0.6_noise_1.0,0.6,1.0,50,Symbolic,200,0,0.3170698708199849,0.0087000645646931,0.1091898672236716,0.4855375074828196,0.5113917790957371,linear
c_0.6_noise_1.0,0.6,1.0,100,Amortized,200,0,-0.0297968481176012,0.0022698835186035,0.0031463862587538,0.1449949006030345,0.1582009481003497,linear
c_0.6_noise_1.0,0.6,1.0,100,Binning,200,0,0.5004793059960342,0.008888992312279,0.2593240830809897,0.6688073357826902,0.6949408211479648,linear
c_0.6_noise_1.0,0.6,1.0,100,KSG,200,0,-0.0293562040103403,0.0036439190363154,0.0044874861550305,0.1436724225810983,0.1604047143368078,linear
c_0.6_noise_1.0,0.6,1.0,100,Symbolic,200,0,0.1925807745080195,0.0026792918458015,0.0397532500966812,0.3668017169142185,0.3811493770404073,linear
c_0.6_noise_1.0,0.6,1.0,200,Amortized,200,0,-0.026870488166105,0.0012035884280933,0.0019195936202376,0.1497161114145728,0.1593324571918038,linear
c_0.6_noise_1.0,0.6,1.0,200,Binning,200,0,0.2973130931484365,0.0047264575207646,0.0930979005906517,0.4691797075554995,0.4882360236799604,linear
c_0.6_noise_1.0,0.6,1.0,200,KSG,200,0,-0.0139236266644039,0.0022327720280101,0.0024154755473597,0.16092232261946,0.1740199689903188,linear
c_0.6_noise_1.0,0.6,1.0,200,Symbolic,200,0,0.0664778134508772,0.0011110520140397,0.0055247964351791,0.2432529444745955,0.2524922273657458,linear
c_0.8_noise_0.3,0.8,0.3,10,Amortized,200,0,-0.1707752139007345,0.0051628426026412,0.0343012020724697,0.0999665428662622,0.1198831571077977,linear
c_0.8_noise_0.3,0.8,0.3,10,Binning,200,0,0.1722984540241074,0.0222861962468484,0.0518615225247116,0.4323085866043624,0.4736884492193816,linear
c_0.8_noise_0.3,0.8,0.3,10,KSG,200,0,-0.2207576035703043,0.0054952399587696,0.0542016832930794,0.0496685823189609,0.0702163383159595,linear
c_0.8_noise_0.3,0.8,0.3,10,Symbolic,200,0,0.0535352977705629,0.0223934595827613,0.0251475203922304,0.3134956998562229,0.3549750234604322,linear
c_0.8_noise_0.3,0.8,0.3,20,Amortized,200,0,-0.1460133415495649,0.0032693552489462,0.0245729043831714,0.1267622175825849,0.1426112270938143,linear
c_0.8_noise_0.3,0.8,0.3,20,Binning,200,0,0.4126249012257823,0.0155769954332775,0.1857584195676979,0.6760274818202353,0.7106224484068585,linear
c_0.8_noise_0.3,0.8,0.3,20,KSG,200,0,-0.1550932410440705,0.0067358131368469,0.0307560474887168,0.1142322240053809,0.1369814216820072,linear
c_0.8_noise_0.3,0.8,0.3,20,Symbolic,200,0,0.2258575439729071,0.0201043440800469,0.0710154525291204,0.4869065457751369,0.5262086699462065,linear
c_0.8_noise_0.3,0.8,0.3,30,Amortized,200,0,-0.138585814896752,0.0021301517874922,0.0213255291191515,0.1357176908904282,0.1485108070915968,linear
c_0.8_noise_0.3,0.8,0.3,30,Binning,200,0,0.5179083936888766,0.0123279093916798,0.2804953740981138,0.7832203295684855,0.8139965855847969,linear
c_0.8_noise_0.3,0.8,0.3,30,KSG,200,0,-0.1201888924933838,0.0069662714214462,0.0213768099431251,0.1489436244866245,0.1720787183021368,linear
c_0.8_noise_0.3,0.8,0.3,30,Symbolic,200,0,0.2640292346728068,0.0116303675233581,0.0812836524476495,0.5297828575330671,0.5596757395880757,linear
c_0.8_noise_0.3,0.8,0.3,50,Amortized,200,0,-0.1343984452521101,0.0012205181005778,0.0192773575962593,0.1414597479562684,0.1511434893150404,linear
c_0.8_noise_0.3,0.8,0.3,50,Binning,200,0,0.5428263444967886,0.0121475113190163,0.3067472140421675,0.8082512849017244,0.8388015318673819,linear
c_0.8_noise_0.3,0.8,0.3,50,KSG,200,0,-0.0829293616936839,0.0062199249133099,0.0130661043196652,0.1868403628702143,0.2087010415179468,linear
c_0.8_noise_0.3,0.8,0.3,50,Symbolic,200,0,0.2350400301803765,0.0062080204741166,0.0614207961589384,0.5048202196518837,0.5266599684843986,linear
c_0.8_noise_0.3,0.8,0.3,100,Amortized,200,0,-0.1300334106122747,0.0006467250869426,0.0175521793369683,0.1471421255808909,0.1541911809700886,linear
c_0.8_noise_0.3,0.8,0.3,100,Binning,200,0,0.4158915228892345,0.0081030976296894,0.1810283409526676,0.6841158383316722,0.7090673352223259,linear
c_0.8_noise_0.3,0.8,0.3,100,KSG,200,0,-0.0580565970272797,0.0044978796764149,0.0078459587364207,0.2133485611146164,0.2319383726063532,linear
c_0.8_noise_0.3,0.8,0.3,100,Symbolic,200,0,0.1141083014061445,0.0026106733545969,0.0156183244376194,0.3877269943959052,0.401889736191913,linear
c_0.8_noise_0.3,0.8,0.3,200,Amortized,200,0,-0.120273461047341,0.000266459151525,0.0147308322880736,0.158164270552166,0.1626889351286811,linear
c_0.8_noise_0.3,0.8,0.3,200,Binning,200,0,0.2348740514019791,0.00320568804671,0.058355479628456,0.507727150526142,0.5234210800533454,linear
c_0.8_noise_0.3,0.8,0.3,200,KSG,200,0,-0.0206967494179153,0.0025941356349203,0.0030095203932136,0.2529444082319432,0.2670622207077553,linear
c_0.8_noise_0.3,0.8,0.3,200,Symbolic,200,0,0.0011941944282352,0.001261795585198,0.0012569127076045,0.2769711932544264,0.2868173233775731,linear
c_0.8_noise_0.5,0.8,0.5,10,Amortized,200,0,-0.1602144150470994,0.0101046279110436,0.0357227635603726,0.1065540411475341,0.1344172565337974,linear
c_0.8_noise_0.5,0.8,0.5,10,Binning,200,0,0.1509715934621203,0.0226312442330675,0.0453105100443939,0.4108221744011704,0.4525211402986006,linear
c_0.8_noise_0.5,0.8,0.5,10,KSG,200,0,-0.2125339924591938,0.0047890924589801,0.0499358449473299,0.0585749876549777,0.0777571552021649,linear
c_0.8_noise_0.5,0.8,0.5,10,Symbolic,200,0,0.0450206806221054,0.022365472040498,0.0242805063639731,0.3049940470654178,0.3464474419543234,linear
c_0.8_noise_0.5,0.8,0.5,20,Amortized,200,0,-0.1332561792766354,0.0053727937045304,0.0231031390514145,0.137285113943543,0.1576026552787164,linear
c_0.8_noise_0.5,0.8,0.5,20,Binning,200,0,0.4356666574964612,0.0158116927025847,0.2055380706932107,0.6989394154125265,0.7337940273559264,linear
c_0.8_noise_0.5,0.8,0.5,20,KSG,200,0,-0.1619550961061487,0.0064705718311723,0.0326676721267683,0.1075965713169602,0.1298933642462726,linear
c_0.8_noise_0.5,0.8,0.5,20,Symbolic,200,0,0.2134175723794319,0.0144886485500786,0.0599632655076583,0.4774353713924893,0.510799901141905,linear
c_0.8_noise_0.5,0.8,0.5,30,Amortized,200,0,-0.1229806518589756,0.0034983354885144,0.0186050845427304,0.1495220936829287,0.1659167303746502,linear
c_0.8_noise_0.5,0.8,0.5,30,Binning,200,0,0.523836837380766,0.0156363709973695,0.2899632213394658,0.7872064825165948,0.8218673200204678,linear
c_0.8_noise_0.5,0.8,0.5,30,KSG,200,0,-0.1122489340226409,0.0068867334382089,0.019452122960237,0.1569498092504679,0.1799524504797804,linear
c_0.8_noise_0.5,0.8,0.5,30,Symbolic,200,0,0.2675300322015811,0.0113722763535717,0.0828877331015829,0.5334504247736707,0.5630097674050221,linear
c_0.8_noise_0.5,0.8,0.5,50,Amortized,200,0,-0.1205266734396718,0.0020107448873645,0.016527370173361,0.1539586991607889,0.1663880817353979,linear
c_0.8_noise_0.5,0.8,0.5,50,Binning,200,0,0.5361785270330535,0.01538861059416,0.3027990803925241,0.7996860218198196,0.8340711600218176,linear
c_0.8_noise_0.5,0.8,0.5,50,KSG,200,0,-0.0887542859331293,0.0067694980804564,0.0146129738615538,0.1805427731256705,0.2033487827836012,linear
c_0.8_noise_0.5,0.8,0.5,50,Symbolic,200,0,0.23682488912584,0.0076213509503768,0.0636692723050914,0.5054257419213547,0.5296241641058558,linear
c_0.8_noise_0.5,0.8,0.5,100,Amortized,200,0,-0.113761762026479,0.0008041529813769,0.0137418707158393,0.1630081402276775,0.1708684634948947,linear
c_0.8_noise_0.5,0.8,0.5,100,Binning,200,0,0.4155035690542216,0.0073327311439789,0.1799392833850554,0.6843357308605932,0.7080715350233805,linear
c_0.8_noise_0.5,0.8,0.5,100,KSG,200,0,-0.0472795091633353,0.0038047914792604,0.0060211195085901,0.2248717282123501,0.2419693812365094,linear
c_0.8_noise_0.5,0.8,0.5,100,Symbolic,200,0,0.107856114689702,0.0027869439689872,0.0144059507251005,0.3812396479955379,0.3958727091593966,linear
c_0.8_noise_0.5,0.8,0.5,200,Amortized,200,0,-0.1061912814413808,0.0005557810864377,0.011829590435168,0.1712414527862037,0.177776112106565,linear
c_0.8_noise_0.5,0.8,0.5,200,Binning,200,0,0.2340631066585859,0.0041085326972185,0.0588735279324009,0.5058796635784824,0.5236466775142199,linear
c_0.8_noise_0.5,0.8,0.5,200,KSG,200,0,-0.0198580489457786,0.0026245118710822,0.0030057314196597,0.2537419005753198,0.2679421293086533,linear
c_0.8_noise_0.5,0.8,0.5,200,Symbolic,200,0,0.0031705914067283,0.0014296955471358,0.0014325997192685,0.2786302743856869,0.2891110362033002,linear
c_0.8_noise_1.0,0.8,1.0,10,Amortized,200,0,-0.0947904341553944,0.0258236911076197,0.0346797990594498,0.1636380905220876,0.208181168942653,linear
c_0.8_noise_1.0,0.8,1.0,10,Binning,200,0,0.1762702395215715,0.0203417833355233,0.0513112717598379,0.437203539022904,0.4767370677957687,linear
c_0.8_noise_1.0,0.8,1.0,10,KSG,200,0,-0.2179274448401458,0.0037734001531656,0.0512469043669546,0.054259131504784,0.0712861065904539,linear
c_0.8_noise_1.0,0.8,1.0,10,Symbolic,200,0,0.0590609317146152,0.020824683646398,0.0242087538831645,0.319760982515384,0.3597610086893761,linear
c_0.8_noise_1.0,0.8,1.0,20,Amortized,200,0,-0.0794392795895833,0.0131728432988557,0.0194175782240734,0.1853540569765599,0.217167511619803,linear
c_0.8_noise_1.0,0.8,1.0,20,Binning,200,0,0.4272337423208603,0.0163568876610503,0.1988037738002323,0.6902085954004724,0.7256590170167778,linear
c_0.8_noise_1.0,0.8,1.0,20,KSG,200,0,-0.1499557376161261,0.0070935034285282,0.029544759155382,0.119071622477951,0.1424170300653263,linear
c_0.8_noise_1.0,0.8,1.0,20,Symbolic,200,0,0.232531911329442,0.0140900200664468,0.068090659752638,0.4967808018415381,0.5296831485928756,linear
c_0.8_noise_1.0,0.8,1.0,30,Amortized,200,0,-0.0737525345718163,0.0073906125543294,0.0127930958473247,0.19503287926051,0.2188621793713869,linear
c_0.8_noise_1.0,0.8,1.0,30,Binning,200,0,0.52490903902252,0.0170740158976858,0.2925181450657429,0.7874995005578654,0.8237187052627041,linear
c_0.8_noise_1.0,0.8,1.0,30,KSG,200,0,-0.1232405713046524,0.0074205216403681,0.0225716574476634,0.1455207581582166,0.1693982270080081,linear
c_0.8_noise_1.0,0.8,1.0,30,Symbolic,200,0,0.2517502466344843,0.013529066971301,0.0768396083169682,0.5163299408495415,0.5485706801949567,linear
c_0.8_noise_1.0,0.8,1.0,50,Amortized,200,0,-0.0684242059027451,0.0053466381632422,0.0100017769258473,0.2021418446714524,0.2224098712985868,linear
c_0.8_noise_1.0,0.8,1.0,50,Binning,200,0,0.5586762787398606,0.0119975664996953,0.3240567630938154,0.824195787389883,0.8545568978653678,linear
c_0.8_noise_1.0,0.8,1.0,50,KSG,200,0,-0.0887757242084328,0.0077042131889611,0.015546821331748,0.1797595327785395,0.2040891465801244,linear
c_0.8_noise_1.0,0.8,1.0,50,Symbolic,200,0,0.2358221462387023,0.0064830048611223,0.0620626744934446,0.5053631081297814,0.527681312123153,linear
c_0.8_noise_1.0,0.8,1.0,100,Amortized,200,0,-0.0574357728397149,0.0027213657794472,0.0060066269522453,0.2160343537114181,0.2304942283846817,linear
c_0.8_noise_1.0,0.8,1.0,100,Binning,200,0,0.412037081786639,0.0097314242243191,0.179457323870447,0.6790652329881436,0.706409058360664,linear
c_0.8_noise_1.0,0.8,1.0,100,KSG,200,0,-0.0463870161956008,0.0036664419535235,0.0057998650152869,0.2259210862382914,0.2427050091460364,linear
c_0.8_noise_1.0,0.8,1.0,100,Symbolic,200,0,0.1184544837231892,0.003248255527412,0.0172634789639022,0.3912556557791506,0.4070534394427574,linear
c_0.8_noise_1.0,0.8,1.0,200,Amortized,200,0,-0.0525296810304421,0.0013959516756247,0.0041483393064066,0.2229922133172824,0.2333485523973629,linear
c_0.8_noise_1.0,0.8,1.0,200,Binning,200,0,0.239411870217673,0.003661554155189,0.0609612899855369,0.5117255682528847,0.528498299957991,linear
c_0.8_noise_1.0,0.8,1.0,200,KSG,200,0,-0.0209869005250086,0.002681840478202,0.0031088812694576,0.2525359221166154,0.2668904046088969,linear
c_0.8_noise_1.0,0.8,1.0,200,Symbolic,200,0,0.0031424737367706,0.0015662003518576,0.0015682444912846,0.278357687912968,0.2893273873361029,linear
c_0.0_noise_0.3,0.0,0.3,10,Hybrid,200,0,0.0147549603174604,0.0030604037673486,0.0032628106024817,0.0070878725024399,0.0224220481324805,linear
c_0.0_noise_0.3,0.0,0.3,20,Hybrid,200,0,0.0032203353728318,0.002811953234703,0.002808264028443,-0.0041289501524541,0.0105696208981175,linear
c_0.0_noise_0.3,0.0,0.3,30,Hybrid,200,0,0.0069694992978653,0.0035119309885028,0.0035429452540233,-0.0012437321263163,0.0151827307220467,linear
c_0.0_noise_0.5,0.0,0.5,10,Hybrid,200,0,0.015548611111111,0.0035994538299569,0.0038232158682917,0.0072336661825012,0.0238635560397208,linear
c_0.0_noise_0.5,0.0,0.5,20,Hybrid,200,0,0.0126863582291892,0.0042587230908122,0.0043983731604775,0.0036419371239817,0.0217307793343967,linear
c_0.0_noise_0.5,0.0,0.5,30,Hybrid,200,0,0.0057331538343229,0.0026426235191363,0.0026622794544286,-0.0013914172092958,0.0128577248779417,linear
c_0.0_noise_1.0,0.0,1.0,10,Hybrid,200,0,0.017728174603175,0.0029452901752083,0.0032448518990929,0.0102066632068259,0.0252496859995231,linear
c_0.0_noise_1.0,0.0,1.0,20,Hybrid,200,0,0.0140244242631729,0.0037054182760513,0.0038835756605845,0.0055879751140105,0.0224608734123343,linear
c_0.0_noise_1.0,0.0,1.0,30,Hybrid,200,0,0.0074816693003202,0.0028334437695009,0.0028752519261727,0.0001043535334183,0.0148589850672213,linear
c_0.2_noise_0.3,0.2,0.3,10,Hybrid,200,0,-0.0082189480057099,0.0021854769263535,0.0022421006480423,0.0108683280440249,0.0238265132258162,linear
c_0.2_noise_0.3,0.2,0.3,20,Hybrid,200,0,-0.0028303683320294,0.003884725912242,0.0038733132675757,0.014097839895507,0.0313741607216951,linear
c_0.2_noise_0.3,0.2,0.3,30,Hybrid,200,0,-0.0059643481637386,0.0044605884639252,0.0044738589706239,0.0103457262283776,0.028858314725406,linear
c_0.2_noise_0.5,0.2,0.5,10,Hybrid,200,0,-0.0056231146723766,0.0030985569145488,0.0031146835485947,0.0122285225267419,0.0276579854097658,linear
c_0.2_noise_0.5,0.2,0.5,20,Hybrid,200,0,-0.0078190735327025,0.0037165119441692,0.0037590672953581,0.0092982264359617,0.0261963637798943,linear
c_0.2_noise_0.5,0.2,0.5,30,Hybrid,200,0,-0.00416643545139,0.0050508106931914,0.005042915824096,0.0115502645757886,0.0312496018026925,linear
c_0.2_noise_1.0,0.2,1.0,10,Hybrid,200,0,-0.0040312495930118,0.0030584071240793,0.0030593660617401,0.0138705326896139,0.029199705405624,linear
c_0.2_noise_1.0,0.2,1.0,20,Hybrid,200,0,-0.0090096990642919,0.0035951749560992,0.0036583737585478,0.0082466683394705,0.0248666708132072,linear
c_0.2_noise_1.0,0.2,1.0,30,Hybrid,200,0,0.000946396776405,0.0037238319031923,0.0037061084105348,0.0180553802894376,0.034970150544634,linear
c_0.4_noise_0.3,0.4,0.3,10,Hybrid,200,0,-0.0543265225432098,0.0035830845807125,0.0065165402094468,0.0294299756323169,0.046022008494667,linear
c_0.4_noise_0.3,0.4,0.3,20,Hybrid,200,0,-0.0352458994672402,0.0060084445415219,0.0072206757480691,0.046063701067686,0.0675495292112372,linear
c_0.4_noise_0.3,0.4,0.3,30,Hybrid,200,0,-0.0322045974060852,0.0056578785686119,0.0066667252698569,0.0494231135311992,0.070272720870034,linear
c_0.4_noise_0.5,0.4,0.5,10,Hybrid,200,0,-0.0632193796860668,0.0039917532057095,0.007968484407572,0.0200767889033016,0.0375894809379681,linear
c_0.4_noise_0.5,0.4,0.5,20,Hybrid,200,0,-0.0348564252374794,0.0056938759688658,0.0068803769693575,0.0467381751598793,0.067654003578565,linear
c_0.4_noise_0.5,0.4,0.5,30,Hybrid,200,0,-0.0249139920321739,0.0059244341782525,0.0065155190063405,0.0564709768541722,0.0778060682948833,linear
c_0.4_noise_1.0,0.4,1.0,10,Hybrid,200,0,-0.0603046971463844,0.0037630681167474,0.0073809092740808,0.0232459933980067,0.040249641522628,linear
c_0.4_noise_1.0,0.4,1.0,20,Hybrid,200,0,-0.0436668584607321,0.0043483044519903,0.00623335745756,0.0392466063094806,0.0575247059824588,linear
c_0.4_noise_1.0,0.4,1.0,30,Hybrid,200,0,-0.025762787006614,0.0055334761054312,0.0061695299192522,0.0559801684905467,0.076599286709629,linear
c_0.6_noise_0.3,0.6,0.3,10,Hybrid,200,0,-0.1201038994534207,0.0046038340149664,0.019005761508809,0.051887126753905,0.0706946192778409,linear
c_0.6_noise_0.3,0.6,0.3,20,Hybrid,200,0,-0.0877069334926098,0.007808385718384,0.0154618499724692,0.081441064998255,0.1059346129551127,linear
c_0.6_noise_0.3,0.6,0.3,30,Hybrid,200,0,-0.0621924370943627,0.0059436976719931,0.0097818784153694,0.1085174607905643,0.1298872099592976,linear
c_0.6_noise_0.5,0.6,0.5,10,Hybrid,200,0,-0.1216364391359597,0.0040690762041183,0.0188441541487737,0.0509175858689666,0.0685990807976999,linear
c_0.6_noise_0.5,0.6,0.5,20,Hybrid,200,0,-0.0881501209918144,0.0067365182149987,0.0144732794547953,0.081869457330841,0.104619845624116,linear
c_0.6_noise_0.5,0.6,0.5,30,Hybrid,200,0,-0.0751639054182293,0.0060894092142704,0.0117085748459196,0.095415814014314,0.1170459200878133,linear
c_0.6_noise_1.0,0.6,1.0,10,Hybrid,200,0,-0.1314156058026268,0.0038338184519457,0.0210847108081573,0.0413977923696805,0.0585605409636526,linear
c_0.6_noise_1.0,0.6,1.0,20,Hybrid,200,0,-0.0866782104934724,0.0073108241983773,0.0147873822517361,0.0828664011666829,0.106566722784959,linear
c_0.6_noise_1.0,0.6,1.0,30,Hybrid,200,0,-0.0677539156497663,0.006423486314454,0.0109819619687574,0.1025330971386537,0.1247486165004002,linear
c_0.8_noise_0.3,0.8,0.3,10,Hybrid,200,0,-0.2207576035703043,0.0054952399587696,0.0542016832930794,0.0496685823189609,0.0702163383159595,linear
c_0.8_noise_0.3,0.8,0.3,20,Hybrid,200,0,-0.1550932410440705,0.0067358131368469,0.0307560474887168,0.1142322240053809,0.1369814216820072,linear
c_0.8_noise_0.3,0.8,0.3,30,Hybrid,200,0,-0.1201888924933838,0.0069662714214462,0.0213768099431251,0.1489436244866245,0.1720787183021368,linear
c_0.8_noise_0.5,0.8,0.5,10,Hybrid,200,0,-0.2125339924591938,0.0047890924589801,0.0499358449473299,0.0585749876549777,0.0777571552021649,linear
c_0.8_noise_0.5,0.8,0.5,20,Hybrid,200,0,-0.1619550961061487,0.0064705718311723,0.0326676721267683,0.1075965713169602,0.1298933642462726,linear
c_0.8_noise_0.5,0.8,0.5,30,Hybrid,200,0,-0.1122489340226409,0.0068867334382089,0.019452122960237,0.1569498092504679,0.1799524504797804,linear
c_0.8_noise_1.0,0.8,1.0,10,Hybrid,200,0,-0.2179274448401458,0.0037734001531656,0.0512469043669546,0.054259131504784,0.0712861065904539,linear
c_0.8_noise_1.0,0.8,1.0,20,Hybrid,200,0,-0.1499557376161261,0.0070935034285282,0.029544759155382,0.119071622477951,0.1424170300653263,linear
c_0.8_noise_1.0,0.8,1.0,30,Hybrid,200,0,-0.1232405713046524,0.0074205216403681,0.0225716574476634,0.1455207581582166,0.1693982270080081,linear
c_0.0_noise_0.3,0.0,0.3,50,Hybrid,200,0,-0.0170077819228169,0.0009875173206162,0.0012718443799472,-0.0213630353820773,-0.012652528463557,linear
c_0.0_noise_0.3,0.0,0.3,100,Hybrid,200,0,-0.0200432527661321,0.0005785112185157,0.0009773506438702,-0.0233767259526528,-0.0167097795796118,linear
c_0.0_noise_0.3,0.0,0.3,200,Hybrid,200,0,-0.0185926890373227,0.0002460392701251,0.000590497159413,-0.0207666076881843,-0.0164187703864615,linear
c_0.0_noise_0.5,0.0,0.5,50,Hybrid,200,0,-0.0500283105373382,0.0018805408240624,0.0043739699751625,-0.0560384210312136,-0.0440182000434627,linear
c_0.0_noise_0.5,0.0,0.5,100,Hybrid,200,0,-0.0492231033444404,0.0010442363474796,0.0034619290685997,-0.0537016847897632,-0.0447445218991176,linear
c_0.0_noise_0.5,0.0,0.5,200,Hybrid,200,0,-0.0478838256597518,0.000541886966592,0.0028320382915725,-0.0511100564100701,-0.0446575949094335,linear
c_0.0_noise_1.0,0.0,1.0,50,Hybrid,200,0,-0.0845439270734782,0.0043052220811382,0.0114313715757381,-0.0936375900172271,-0.0754502641297302,linear
c_0.0_noise_1.0,0.0,1.0,100,Hybrid,200,0,-0.0850050004124636,0.0020820985621584,0.0092975381644705,-0.0913289982921236,-0.0786810025328045,linear
c_0.0_noise_1.0,0.0,1.0,200,Hybrid,200,0,-0.0922551645040507,0.0011317895169945,0.009637145947079,-0.0969177188514483,-0.087592610156654,linear
c_0.2_noise_0.3,0.2,0.3,50,Hybrid,200,0,-0.0003053177010705,0.001075209880997,0.0010699270504906,0.0207165343102371,0.0298055675688826,linear
c_0.2_noise_0.3,0.2,0.3,100,Hybrid,200,0,0.0034421837914296,0.0004996227219807,0.0005089732376248,0.0259106897424293,0.032106415121691,linear
c_0.2_noise_0.3,0.2,0.3,200,Hybrid,200,0,0.0033802232134649,0.0003332877912888,0.0003430472613053,0.0264164155963858,0.031476768111805,linear
c_0.2_noise_0.5,0.2,0.5,50,Hybrid,200,0,-0.0125357040774515,0.0021657831817238,0.0023120981425327,0.0065808301967357,0.0194804989296222,linear
c_0.2_noise_0.5,0.2,0.5,100,Hybrid,200,0,-0.0130905695569209,0.001231345766843,0.0013965520493333,0.0076124988164507,0.0173390993509686,linear
c_0.2_noise_0.5,0.2,0.5,200,Hybrid,200,0,-0.0117389102589777,0.0004939060710856,0.0006292385547985,0.0107473694521878,0.0169075473111177,linear
c_0.2_noise_1.0,0.2,1.0,50,Hybrid,200,0,-0.0228546092521839,0.0043577926119866,0.0048583368129966,-0.0064372558859441,0.0118607746628377,linear
c_0.2_noise_1.0,0.2,1.0,100,Hybrid,200,0,-0.0227321800601177,0.0028356011772162,0.0033381751816158,-0.0045459352268475,0.0102143123878736,linear
c_0.2_noise_1.0,0.2,1.0,200,Hybrid,200,0,-0.0294299330722981,0.0011460718168942,0.0020064624184496,-0.0085554454466658,0.0008283165833312,linear
c_0.4_noise_0.3,0.4,0.3,50,Hybrid,200,0,-0.0182052476346369,0.0010312284529978,0.0013575033521713,0.0693966674478229,0.0782978664963069,linear
c_0.4_noise_0.3,0.4,0.3,100,Hybrid,200,0,-0.0133689127504702,0.0006418373244446,0.0008173559659521,0.0751724181059939,0.0821947856064692,linear
c_0.4_noise_0.3,0.4,0.3,200,Hybrid,200,0,-0.015360437327611,0.0003314414385561,0.0005657272662588,0.0741689191089029,0.0792152354492787,linear
c_0.4_noise_0.5,0.4,0.5,50,Hybrid,200,0,-0.0288271866977089,0.0022812099323188,0.0031008105755617,0.0566058505595353,0.0698448052584501,linear
c_0.4_noise_0.5,0.4,0.5,100,Hybrid,200,0,-0.0184935765802735,0.0010690294060166,0.001405696633717,0.0690275015179059,0.0780903745349504,linear
c_0.4_noise_0.5,0.4,0.5,200,Hybrid,200,0,-0.017900696510064,0.0006095084455768,0.0009268958388943,0.0707302047019597,0.0775734314913156,linear
c_0.4_noise_1.0,0.4,1.0,50,Hybrid,200,0,-0.0166468390762682,0.0039341755179126,0.0041916218915542,0.0667127103661145,0.0840986406947527,linear
c_0.4_noise_1.0,0.4,1.0,100,Hybrid,200,0,-0.0125531551182146,0.0021582517464561,0.0023050421911458,0.073060749425288,0.0859379695516863,linear
c_0.4_noise_1.0,0.4,1.0,200,Hybrid,200,0,-0.0147747341334697,0.0010522815323096,0.0012653128933628,0.0727819798023167,0.0817735811441476,linear
c_0.6_noise_0.3,0.6,0.3,50,Hybrid,200,0,-0.0639846395247098,0.001315085262247,0.0054025439310428,0.1123841845050113,0.1224360813841563,linear
c_0.6_noise_0.3,0.6,0.3,100,Hybrid,200,0,-0.0585689344995137,0.0006623831205878,0.0040893912933931,0.1192588988085031,0.1263927771310568,linear
c_0.6_noise_0.3,0.6,0.3,200,Hybrid,200,0,-0.0586802894466039,0.0003504884607976,0.0037921123880308,0.1201198380845526,0.1253091279608269,linear
c_0.6_noise_0.5,0.6,0.5,50,Hybrid,200,0,-0.0653285189859975,0.0021595230187298,0.00641654079654,0.1096257474361153,0.1225067595304754,linear
c_0.6_noise_0.5,0.6,0.5,100,Hybrid,200,0,-0.0577551670663465,0.0009616744442194,0.0042925253948599,0.1193417172326275,0.1279374935732654,linear
c_0.6_noise_0.5,0.6,0.5,200,Hybrid,200,0,-0.0557151594154943,0.0004425108526901,0.0035444772871206,0.1227641802457111,0.128595045861886,linear
c_0.6_noise_1.0,0.6,1.0,50,Hybrid,200,0,-0.0388583427958601,0.004823527938106,0.006309381103256,0.1329109258094716,0.1521619335373949,linear
c_0.6_noise_1.0,0.6,1.0,100,Hybrid,200,0,-0.0297968481176012,0.0022698835186035,0.0031463862587538,0.1449949006030345,0.1582009481003497,linear
c_0.6_noise_1.0,0.6,1.0,200,Hybrid,200,0,-0.026870488166105,0.0012035884280933,0.0019195936202376,0.1497161114145728,0.1593324571918038,linear
c_0.8_noise_0.3,0.8,0.3,50,Hybrid,200,0,-0.1343984452521101,0.0012205181005778,0.0192773575962593,0.1414597479562684,0.1511434893150404,linear
c_0.8_noise_0.3,0.8,0.3,100,Hybrid,200,0,-0.1300334106122747,0.0006467250869426,0.0175521793369683,0.1471421255808909,0.1541911809700886,linear
c_0.8_noise_0.3,0.8,0.3,200,Hybrid,200,0,-0.120273461047341,0.000266459151525,0.0147308322880736,0.158164270552166,0.1626889351286811,linear
c_0.8_noise_0.5,0.8,0.5,50,Hybrid,200,0,-0.1205266734396718,0.0020107448873645,0.016527370173361,0.1539586991607889,0.1663880817353979,linear
c_0.8_noise_0.5,0.8,0.5,100,Hybrid,200,0,-0.113761762026479,0.0008041529813769,0.0137418707158393,0.1630081402276775,0.1708684634948947,linear
c_0.8_noise_0.5,0.8,0.5,200,Hybrid,200,0,-0.1061912814413808,0.0005557810864377,0.011829590435168,0.1712414527862037,0.177776112106565,linear
c_0.8_noise_1.0,0.8,1.0,50,Hybrid,200,0,-0.0684242059027451,0.0053466381632422,0.0100017769258473,0.2021418446714524,0.2224098712985868,linear
c_0.8_noise_1.0,0.8,1.0,100,Hybrid,200,0,-0.0574357728397149,0.0027213657794472,0.0060066269522453,0.2160343537114181,0.2304942283846817,linear
c_0.8_noise_1.0,0.8,1.0,200,Hybrid,200,0,-0.0525296810304421,0.0013959516756247,0.0041483393064066,0.2229922133172824,0.2333485523973629,linear
periodic_k_0.0_noise_0.1,0.0,0.1,10,Amortized,150,0,-0.0787542877197266,0.0190042486460878,0.0250797914893554,-0.1008158261367411,-0.056692749302712,periodic
periodic_k_0.0_noise_0.1,0.0,0.1,10,Binning,150,0,0.263885810632925,0.0275252677090351,0.0969774869777042,0.2373350958363915,0.2904365254294584,periodic
periodic_k_0.0_noise_0.1,0.0,0.1,10,KSG,150,0,0.0514227513227513,0.0059979534637286,0.0086022664609053,0.0390287371690667,0.0638167654764359,periodic
periodic_k_0.0_noise_0.1,0.0,0.1,10,Symbolic,150,0,0.0521168313462415,0.0108431621160305,0.0134870384781628,0.0354524798567209,0.068781182835762,periodic
periodic_k_0.0_noise_0.1,0.0,0.1,20,Amortized,150,0,-0.09262889734904,0.0136598003089723,0.0221488475976781,-0.1113328165224731,-0.0739249781756068,periodic
periodic_k_0.0_noise_0.1,0.0,0.1,20,Binning,150,0,0.4764163020999598,0.0160283168134924,0.2428939542746692,0.4561556042063016,0.496676999993618,periodic
periodic_k_0.0_noise_0.1,0.0,0.1,20,KSG,150,0,0.1098869791557485,0.0092823368063298,0.0212956027489302,0.0944685864433208,0.1253053718681762,periodic
periodic_k_0.0_noise_0.1,0.0,0.1,20,Symbolic,150,0,0.1108967790580191,0.0079255701922203,0.0201708286630486,0.0966497043991207,0.1251438537169175,periodic
periodic_k_0.0_noise_0.1,0.0,0.1,30,Amortized,150,0,-0.0917263380686442,0.0104671773162622,0.018811117229637,-0.1080992238615546,-0.0753534522757338,periodic
periodic_k_0.0_noise_0.1,0.0,0.1,30,Binning,150,0,0.4869446546747558,0.0129879328735446,0.2500164433707049,0.4687065182701393,0.5051827910793723,periodic
periodic_k_0.0_noise_0.1,0.0,0.1,30,KSG,150,0,0.14908032583616,0.0133069261993695,0.035443156909456,0.1306195769009194,0.1675410747714006,periodic
periodic_k_0.0_noise_0.1,0.0,0.1,30,Symbolic,150,0,0.109733975062586,0.0080146855858406,0.0200027996316379,0.0954070269934018,0.1240609231317703,periodic
periodic_k_0.0_noise_0.1,0.0,0.1,50,Amortized,150,0,-0.0852242304484051,0.0055676864720733,0.0127937380177824,-0.0971654264664252,-0.0732830344303849,periodic
periodic_k_0.0_noise_0.1,0.0,0.1,50,Binning,150,0,0.5251020178535414,0.0108704144174271,0.2865300741418384,0.5084167381084111,0.5417872975986716,periodic
periodic_k_0.0_noise_0.1,0.0,0.1,50,KSG,150,0,0.2349141759257552,0.0249329728072334,0.0799514230393952,0.2096446279366217,0.2601837239148887,periodic
periodic_k_0.0_noise_0.1,0.0,0.1,50,Symbolic,150,0,0.1036137703007532,0.0041793547238108,0.0148873057549227,0.0932679469544323,0.1139595936470741,periodic
periodic_k_0.0_noise_0.1,0.0,0.1,100,Amortized,150,0,-0.0756913757324219,0.003955847629262,0.0096586596720003,-0.0857567567494105,-0.0656259947154333,periodic
periodic_k_0.0_noise_0.1,0.0,0.1,100,Binning,150,0,0.5206891954870417,0.0072403076110625,0.2783092771905982,0.5070719599088837,0.5343064310651998,periodic
periodic_k_0.0_noise_0.1,0.0,0.1,100,KSG,150,0,0.2366220295627513,0.0310009873681786,0.086784298993453,0.2084448055365282,0.2647992535889745,periodic
periodic_k_0.0_noise_0.1,0.0,0.1,100,Symbolic,150,0,0.0877773364283187,0.0023772278264458,0.0100662404313864,0.0799746196287782,0.0955800532278591,periodic
periodic_k_0.0_noise_0.1,0.0,0.1,200,Amortized,150,0,-0.0743793029785156,0.0017487146217389,0.0072693372358304,-0.0810715184018625,-0.0676870875551688,periodic
periodic_k_0.0_noise_0.1,0.0,0.1,200,Binning,150,0,0.4178804700577018,0.0061580918840143,0.1807411251937668,0.4053220928319534,0.4304388472834503,periodic
periodic_k_0.0_noise_0.1,0.0,0.1,200,KSG,150,0,0.1695446630259922,0.0234123390340925,0.0520016495344625,0.145057817355528,0.1940315086964565,periodic
periodic_k_0.0_noise_0.1,0.0,0.1,200,Symbolic,150,0,0.0639108954471916,0.0010266704773484,0.0051044285643612,0.0587831556554434,0.0690386352389398,periodic
periodic_k_0.0_noise_0.3,0.0,0.3,10,Amortized,150,0,-0.0610186208089193,0.016068579394876,0.0196847276176662,-0.0813047498307174,-0.0407324917871212,periodic
periodic_k_0.0_noise_0.3,0.0,0.3,10,Binning,150,0,0.2799526147634071,0.02193603597461,0.1001632622476479,0.2562503679219419,0.3036548616048723,periodic
periodic_k_0.0_noise_0.3,0.0,0.3,10,KSG,150,0,0.0316267195767195,0.0042457771617761,0.005217721371882,0.0211990072853684,0.0420544318680706,periodic
periodic_k_0.0_noise_0.3,0.0,0.3,10,Symbolic,150,0,0.1904291738513924,0.0249403301858495,0.0610373315716677,0.1651558977885944,0.2157024499141904,periodic
periodic_k_0.0_noise_0.3,0.0,0.3,20,Amortized,150,0,-0.0490429674784343,0.0099234836932009,0.012262539794337,-0.0649849570982612,-0.0331009778586073,periodic
periodic_k_0.0_noise_0.3,0.0,0.3,20,Binning,150,0,0.4131077391130755,0.0196193550543574,0.190146563469112,0.3906920133270981,0.4355234648990529,periodic
periodic_k_0.0_noise_0.3,0.0,0.3,20,KSG,150,0,0.0686027902223336,0.005820168715088,0.0104877104166103,0.0563938426466462,0.0808117377980209,periodic
periodic_k_0.0_noise_0.3,0.0,0.3,20,Symbolic,150,0,0.3106387406185119,0.0127891037571967,0.1092002702385372,0.2925407442296577,0.328736737007366,periodic
periodic_k_0.0_noise_0.3,0.0,0.3,30,Amortized,150,0,-0.0460273462931312,0.0052731353323463,0.0073564977035851,-0.0576483837375655,-0.0344063088486969,periodic
periodic_k_0.0_noise_0.3,0.0,0.3,30,Binning,150,0,0.4894034047562061,0.0140044868112082,0.2534268161527672,0.4704649717809153,0.5083418377314969,periodic
periodic_k_0.0_noise_0.3,0.0,0.3,30,KSG,150,0,0.060685731541505,0.0055227505722833,0.0091686902478624,0.0487928208805317,0.0725786422024783,periodic
periodic_k_0.0_noise_0.3,0.0,0.3,30,Symbolic,150,0,0.322534514211562,0.0131873551304857,0.117127952287304,0.3041568931342346,0.3409121352888893,periodic
periodic_k_0.0_noise_0.3,0.0,0.3,50,Amortized,150,0,-0.0490376141866049,0.0039428130382667,0.0063212152231259,-0.0590863987127074,-0.0389888296605025,periodic
periodic_k_0.0_noise_0.3,0.0,0.3,50,Binning,150,0,0.5835209049047324,0.0103175190310995,0.3507453820317299,0.5672654891692773,0.5997763206401875,periodic
periodic_k_0.0_noise_0.3,0.0,0.3,50,KSG,150,0,0.0599212359550605,0.0052764525454154,0.0088318307134947,0.0482965438162071,0.0715459280939139,periodic
periodic_k_0.0_noise_0.3,0.0,0.3,50,Symbolic,150,0,0.2997712561489,0.0070878408988403,0.0969033946392709,0.2862981595988649,0.3132443526989351,periodic
periodic_k_0.0_noise_0.3,0.0,0.3,100,Amortized,150,0,-0.0512594896952309,0.0020876246487863,0.0047012424349432,-0.0585714975593668,-0.043947481831095,periodic
periodic_k_0.0_noise_0.3,0.0,0.3,100,Binning,150,0,0.5627729138851585,0.004487725271642,0.3211711597059565,0.552052203273282,0.573493624497035,periodic
periodic_k_0.0_noise_0.3,0.0,0.3,100,KSG,150,0,0.0241822117954912,0.0030128613259092,0.0035775549510585,0.0153980563363276,0.0329663672546547,periodic
periodic_k_0.0_noise_0.3,0.0,0.3,100,Symbolic,150,0,0.2291019460808079,0.0020641486401947,0.0545380893472735,0.2218311673897404,0.2363727247718754,periodic
periodic_k_0.0_noise_0.3,0.0,0.3,200,Amortized,150,0,-0.0445619932810466,0.000972366059559,0.002951654864342,-0.0495522781455956,-0.0395717084164976,periodic
periodic_k_0.0_noise_0.3,0.0,0.3,200,Binning,150,0,0.4678933703765852,0.0012667141505064,0.2201824754318634,0.4621976356680009,0.4735891050851694,periodic
periodic_k_0.0_noise_0.3,0.0,0.3,200,KSG,150,0,0.0060704468143537,0.0015749883608093,0.0016013387629298,-0.0002806556027521,0.0124215492314595,periodic
periodic_k_0.0_noise_0.3,0.0,0.3,200,Symbolic,150,0,0.1478100440822334,0.0006589612413479,0.0225023772979973,0.1437019500353044,0.1519181381291625,periodic
periodic_k_0.3_noise_0.1,0.3,0.1,10,Amortized,150,0,-0.0110758264668783,0.0124113525838121,0.0124512841651778,0.1070754603460605,0.1427328867201827,periodic
periodic_k_0.3_noise_0.1,0.3,0.1,10,Binning,150,0,0.0293417715484384,0.019643706987575,0.0203736884985919,0.1428921386545086,0.1877514044423681,periodic
periodic_k_0.3_noise_0.1,0.3,0.1,10,KSG,150,0,-0.1210585714285714,0.0021481804765033,0.0167890369896531,0.0075041289196976,0.0223387282231594,periodic
periodic_k_0.3_noise_0.1,0.3,0.1,10,Symbolic,150,0,-0.0938408355344516,0.0115182361101869,0.0202475502832563,0.0249639001122418,0.0593144288188547,periodic
periodic_k_0.3_noise_0.1,0.3,0.1,20,Amortized,150,0,-0.0178651760228474,0.0068752720810279,0.0071486014481483,0.1048452986838406,0.1313843492704645,periodic
periodic_k_0.3_noise_0.1,0.3,0.1,20,Binning,150,0,0.1617784491965144,0.0112487240272831,0.0373459991581971,0.2807853139090057,0.3147315844840231,periodic
periodic_k_0.3_noise_0.1,0.3,0.1,20,KSG,150,0,-0.1265719682169682,0.0044539151343247,0.0204446855050797,-0.0012722180205455,0.020088281586609,periodic
periodic_k_0.3_noise_0.1,0.3,0.1,20,Symbolic,150,0,-0.0746369746152894,0.0068684715394577,0.012393359708918,0.0480800643613741,0.0746059864080468,periodic
periodic_k_0.3_noise_0.1,0.3,0.1,30,Amortized,150,0,-0.0300068573760985,0.0041332847616097,0.0050061410194551,0.0956844994544646,0.1162617857933382,periodic
periodic_k_0.3_noise_0.1,0.3,0.1,30,Binning,150,0,0.17223478483062,0.0084013627976197,0.0380101748179522,0.2935462981276376,0.3228832715336024,periodic
periodic_k_0.3_noise_0.1,0.3,0.1,30,KSG,150,0,-0.1305983793884516,0.0052587178325011,0.0222795964125077,-0.0062235191765904,0.0169867603996872,periodic
periodic_k_0.3_noise_0.1,0.3,0.1,30,Symbolic,150,0,-0.0769619005013066,0.0043343968521383,0.010228635001897,0.0484821233701534,0.0695540756272333,periodic
periodic_k_0.3_noise_0.1,0.3,0.1,50,Amortized,150,0,-0.0390295656331378,0.0027130554047098,0.0042182753621898,0.0886147785667333,0.1052860901669909,periodic
periodic_k_0.3_noise_0.1,0.3,0.1,50,Binning,150,0,0.1909215968625942,0.0054248239187087,0.0418397145744803,0.3151145973670733,0.3386885963581151,periodic
periodic_k_0.3_noise_0.1,0.3,0.1,50,KSG,150,0,-0.1351991883980157,0.0037135083297087,0.0219675721509928,-0.0089713893801562,0.0105330125841246,periodic
periodic_k_0.3_noise_0.1,0.3,0.1,50,Symbolic,150,0,-0.0646495849126297,0.0034306151993566,0.0075873132607362,0.0619570303021219,0.0807037998726184,periodic
periodic_k_0.3_noise_0.1,0.3,0.1,100,Amortized,150,0,-0.033581432800293,0.0011987052866265,0.0023184265469696,0.0968578414776229,0.1079392929217909,periodic
periodic_k_0.3_noise_0.1,0.3,0.1,100,Binning,150,0,0.1365927988498254,0.0029300633165725,0.0215681222587576,0.2639101852192306,0.2812354124804203,periodic
periodic_k_0.3_noise_0.1,0.3,0.1,100,KSG,150,0,-0.0907249325227357,0.0018887033631329,0.0101071253886336,0.0383001445973604,0.0522099903571681,periodic
periodic_k_0.3_noise_0.1,0.3,0.1,100,Symbolic,150,0,-0.0715303593811976,0.0016280174447562,0.0067337563083278,0.0579925040935947,0.0709067771440099,periodic
periodic_k_0.3_noise_0.1,0.3,0.1,200,Amortized,150,0,-0.0405382739512124,0.0005936932127046,0.0022330869128968,0.0915423826460027,0.0993410694515723,periodic
periodic_k_0.3_noise_0.1,0.3,0.1,200,Binning,150,0,0.072962172243815,0.0010657681695209,0.0063821416269269,0.2037177073589157,0.2141666371287142,periodic
periodic_k_0.3_noise_0.1,0.3,0.1,200,KSG,150,0,-0.0521540459119629,0.0017000230579975,0.0044087340759313,0.0772275661133857,0.0904243420626883,periodic
periodic_k_0.3_noise_0.1,0.3,0.1,200,Symbolic,150,0,-0.0757228293897342,0.0007450233384389,0.0064740034069695,0.0558890423635624,0.0646252988569691,periodic
periodic_k_0.3_noise_0.3,0.3,0.3,10,Amortized,150,0,-0.0020539967803955,0.0232685432435875,0.0231176385247374,0.0092874710097975,0.0581105354294112,periodic
periodic_k_0.3_noise_0.3,0.3,0.3,10,Binning,150,0,0.2451174763607496,0.0298836966148064,0.0897670491881704,0.253205672136436,0.3085352805850633,periodic
periodic_k_0.3_noise_0.3,0.3,0.3,10,KSG,150,0,0.0229853597883597,0.0046535162039503,0.0051508195271909,0.0478214164282748,0.0696553031484447,periodic
periodic_k_0.3_noise_0.3,0.3,0.3,10,Symbolic,150,0,0.1864655472791167,0.0222728033140496,0.0568937182807231,0.1983350521117767,0.2461020424464567,periodic
periodic_k_0.3_noise_0.3,0.3,0.3,20,Amortized,150,0,-0.0103701048482259,0.0206347324947199,0.0206047066859849,0.0023944359672591,0.0483713543362889,periodic
periodic_k_0.3_noise_0.3,0.3,0.3,20,Binning,150,0,0.3762018193165535,0.0179885067697339,0.1593963922483538,0.3904909508229494,0.4334186878101577,periodic
periodic_k_0.3_noise_0.3,0.3,0.3,20,KSG,150,0,0.0390110019222836,0.0085547352696549,0.0100195619721709,0.059962229278012,0.0895657745665553,periodic
periodic_k_0.3_noise_0.3,0.3,0.3,20,Symbolic,150,0,0.321144037700715,0.0170287554047536,0.1200487233194402,0.3360136045916846,0.3777804708097453,periodic
periodic_k_0.3_noise_0.3,0.3,0.3,30,Amortized,150,0,-0.0105100234934488,0.0110572119986222,0.0110939578457975,0.0084149471876029,0.0420710058254993,periodic
periodic_k_0.3_noise_0.3,0.3,0.3,30,Binning,150,0,0.4317108595185854,0.0160083041060672,0.2022758483049693,0.447215814171957,0.4877119048652138,periodic
periodic_k_0.3_noise_0.3,0.3,0.3,30,KSG,150,0,0.0406231781078459,0.0090551954689696,0.0106450700987582,0.0611475999484348,0.091604756267257,periodic
periodic_k_0.3_noise_0.3,0.3,0.3,30,Symbolic,150,0,0.333647744401544,0.0130232529018668,0.1242572485600923,0.3511378259878455,0.3876636628152425,periodic
periodic_k_0.3_noise_0.3,0.3,0.3,50,Amortized,150,0,-0.0187162638295492,0.0079433278463231,0.0082406708590849,0.0027737097841527,0.0312997625567487,periodic
periodic_k_0.3_noise_0.3,0.3,0.3,50,Binning,150,0,0.5025130273939177,0.0090297822724065,0.2614889264245242,0.523058833574834,0.5534732212130015,periodic
periodic_k_0.3_noise_0.3,0.3,0.3,50,KSG,150,0,0.0294991334282192,0.0069499892340241,0.0077738548454798,0.0519106995618946,0.0785935672945439,periodic
periodic_k_0.3_noise_0.3,0.3,0.3,50,Symbolic,150,0,0.3257729583802642,0.0073913098845418,0.1134700548971409,0.3477674565111274,0.3752844602494009,periodic
periodic_k_0.3_noise_0.3,0.3,0.3,100,Amortized,150,0,-0.0204351517944335,0.0046786321360224,0.0050650366839771,0.0043714840561502,0.0262642123549826,periodic
periodic_k_0.3_noise_0.3,0.3,0.3,100,Binning,150,0,0.4976303186074407,0.0053911012180142,0.2529910945405706,0.5216330123875661,0.5451336248273153,periodic
periodic_k_0.3_noise_0.3,0.3,0.3,100,KSG,150,0,0.0070378027981738,0.0034431888875462,0.0034697649631885,0.0334002563354105,0.0521813492609372,periodic
periodic_k_0.3_noise_0.3,0.3,0.3,100,Symbolic,150,0,0.2682494234081884,0.0022739848154577,0.0742165780755136,0.2963710233325961,0.3116338234837807,periodic
periodic_k_0.3_noise_0.3,0.3,0.3,200,Amortized,150,0,-0.0269906766204832,0.0021006288228648,0.0028151212551439,0.0014275769917549,0.0160970697672784,periodic
periodic_k_0.3_noise_0.3,0.3,0.3,200,Binning,150,0,0.4147105643211687,0.0024574963780477,0.1744259652284428,0.4425302093831414,0.4583969192591959,periodic
periodic_k_0.3_noise_0.3,0.3,0.3,200,KSG,150,0,-0.0027636506085355,0.0019637602956602,0.0019583063250419,0.0258975787842472,0.0400811199986816,periodic
periodic_k_0.3_noise_0.3,0.3,0.3,200,Symbolic,150,0,0.1788985421761645,0.0012076322201124,0.0332042697314019,0.2090902234256138,0.2202128609267153,periodic
periodic_k_0.6_noise_0.1,0.6,0.1,10,Amortized,150,0,-0.0343876802978515,0.007188876535836,0.008323463248531,0.201349534912525,0.228487104491772,periodic
periodic_k_0.6_noise_0.1,0.6,0.1,10,Binning,150,0,-0.1007966208399693,0.0142364712970658,0.0243015202611753,0.1294147327663756,0.1676040255536856,periodic
periodic_k_0.6_noise_0.1,0.6,0.1,10,KSG,150,0,-0.2316298095238095,0.001883821691938,0.0555236315406947,0.0107302614950058,0.024622119457375,periodic
periodic_k_0.6_noise_0.1,0.6,0.1,10,Symbolic,150,0,-0.2228507271936053,0.0071661567378693,0.0567808289703355,0.0129079464467523,0.0400025991660369,periodic
periodic_k_0.6_noise_0.1,0.6,0.1,20,Amortized,150,0,-0.0651496943689982,0.0038442355508249,0.0080630899901933,0.1742339351843631,0.1940786760776403,periodic
periodic_k_0.6_noise_0.1,0.6,0.1,20,Binning,150,0,0.0212386090522133,0.0115990594109111,0.0119728108626444,0.2533091907451427,0.2877800273592841,periodic
periodic_k_0.6_noise_0.1,0.6,0.1,20,KSG,150,0,-0.2347946123136123,0.0019084456430526,0.0570242326435984,0.0075202100162327,0.0215025653565426,periodic
periodic_k_0.6_noise_0.1,0.6,0.1,20,Symbolic,150,0,-0.182752590760294,0.0083019474519945,0.0416451105652474,0.0519719686772232,0.0811348498021886,periodic
periodic_k_0.6_noise_0.1,0.6,0.1,30,Amortized,150,0,-0.0533521794535319,0.0026876452354999,0.0055161826530385,0.187657291980577,0.2042503491123589,periodic
periodic_k_0.6_noise_0.1,0.6,0.1,30,Binning,150,0,0.0471555403713419,0.0086764608948129,0.0108422628098941,0.28155483222288,0.3113682485198039,periodic
periodic_k_0.6_noise_0.1,0.6,0.1,30,KSG,150,0,-0.2266347820567232,0.0026148557958586,0.0539607478617846,0.0144878078857802,0.0308546280007733,periodic
periodic_k_0.6_noise_0.1,0.6,0.1,30,Symbolic,150,0,-0.1919577176671249,0.0044128445275971,0.0412311909360514,0.0467173891320139,0.0679791755337361,periodic
periodic_k_0.6_noise_0.1,0.6,0.1,50,Amortized,150,0,-0.0596228087005614,0.0011401542042065,0.0046874324935222,0.1842794787541107,0.1950869038447663,periodic
periodic_k_0.6_noise_0.1,0.6,0.1,50,Binning,150,0,0.0640560452811176,0.0051252038628717,0.0091942127741758,0.3019051745159077,0.3248189160463275,periodic
periodic_k_0.6_noise_0.1,0.6,0.1,50,KSG,150,0,-0.239713475958475,0.0022126561542557,0.0596604556693217,0.0020647355738146,0.0171203125092352,periodic
periodic_k_0.6_noise_0.1,0.6,0.1,50,Symbolic,150,0,-0.1852846178975518,0.0036551581079372,0.0379611800166594,0.0543461024725694,0.0736966617323268,periodic
periodic_k_0.6_noise_0.1,0.6,0.1,100,Amortized,150,0,-0.0623454706726076,0.0008130008959359,0.004694538603352,0.1823974716962071,0.1915235869585776,periodic
periodic_k_0.6_noise_0.1,0.6,0.1,100,Binning,150,0,0.0210193698277002,0.0023361578012221,0.0027623973238343,0.2625903482551489,0.2780603914002515,periodic
periodic_k_0.6_noise_0.1,0.6,0.1,100,KSG,150,0,-0.1743226950793025,0.0009876892167229,0.0313695066416562,0.0699538537279973,0.0800127561133976,periodic
periodic_k_0.6_noise_0.1,0.6,0.1,100,Symbolic,150,0,-0.1877586597461364,0.0016352197075352,0.0368776325524837,0.0550759364759766,0.0680187440317504,periodic
periodic_k_0.6_noise_0.1,0.6,0.1,200,Amortized,150,0,-0.0615687474466959,0.0003566803139191,0.0041450131073147,0.1847148659753915,0.1907596391312165,periodic
periodic_k_0.6_noise_0.1,0.6,0.1,200,Binning,150,0,-0.0387016426340208,0.0012170247630848,0.0027067284072357,0.2050214535039693,0.2161872612279889,periodic
periodic_k_0.6_noise_0.1,0.6,0.1,200,KSG,150,0,-0.1035742143853907,0.0011043166974355,0.0118245724716702,0.1404136762858668,0.1510498949433517,periodic
periodic_k_0.6_noise_0.1,0.6,0.1,200,Symbolic,150,0,-0.1871379511305697,0.0007245654837586,0.0357403478005477,0.0578603110544379,0.0664757866844225,periodic
periodic_k_0.6_noise_0.3,0.6,0.3,10,Amortized,150,0,-0.0244500658213297,0.0256929955194056,0.0261195146012769,0.0586751361146814,0.1099787322426589,periodic
periodic_k_0.6_noise_0.3,0.6,0.3,10,Binning,150,0,0.1922369452690076,0.02369630608263,0.0604933738351052,0.2763790473330805,0.3256488432049346,periodic
periodic_k_0.6_noise_0.3,0.6,0.3,10,KSG,150,0,-0.0434148306878307,0.0049305707381676,0.0067825477902328,0.0541249452932386,0.0765993933311,periodic
periodic_k_0.6_noise_0.3,0.6,0.3,10,Symbolic,150,0,0.1284367062922768,0.0282546542148528,0.044562277376629,0.2103135105517524,0.2641139020328011,periodic
periodic_k_0.6_noise_0.3,0.6,0.3,20,Amortized,150,0,0.0027762442728676,0.0154554270285162,0.0153600983805888,0.0916579234707714,0.1314485650749637,periodic
periodic_k_0.6_noise_0.3,0.6,0.3,20,Binning,150,0,0.3065858720256054,0.0236712114434303,0.1175083002928416,0.3907410218539819,0.439984722197229,periodic
periodic_k_0.6_noise_0.3,0.6,0.3,20,KSG,150,0,-0.0064133448714454,0.0065006409207616,0.0064984343070633,0.0894607195036155,0.1152665907534935,periodic
periodic_k_0.6_noise_0.3,0.6,0.3,20,Symbolic,150,0,0.2529199499765828,0.0207863591777009,0.0846162845460067,0.3386241842968099,0.3847697156563557,periodic
periodic_k_0.6_noise_0.3,0.6,0.3,30,Amortized,150,0,-0.0216993759969075,0.0115291719857609,0.0119231737578443,0.0698942081415707,0.1042610398646141,periodic
periodic_k_0.6_noise_0.3,0.6,0.3,30,Binning,150,0,0.3656328199994986,0.0164765378191111,0.1500540532944362,0.4538677870449446,0.4949518529540527,periodic
periodic_k_0.6_noise_0.3,0.6,0.3,30,KSG,150,0,0.0022730458099539,0.0078563992484873,0.0078091899907515,0.0968652785452696,0.1252348130746382,periodic
periodic_k_0.6_noise_0.3,0.6,0.3,30,Symbolic,150,0,0.3110655505490438,0.0119168798331046,0.1085992107059302,0.4023725981417713,0.4373125029563162,periodic
periodic_k_0.6_noise_0.3,0.6,0.3,50,Amortized,150,0,-0.0235903443196612,0.0062128285400286,0.0067279140282153,0.0725725888977412,0.0978007224629361,periodic
periodic_k_0.6_noise_0.3,0.6,0.3,50,Binning,150,0,0.419995524435818,0.0107134640331282,0.1870382814856919,0.5122081362431388,0.5453369126284973,periodic
periodic_k_0.6_noise_0.3,0.6,0.3,50,KSG,150,0,-0.0136470915719986,0.0045477873220612,0.0047037118482886,0.0843376952547822,0.1059221216012203,periodic
periodic_k_0.6_noise_0.3,0.6,0.3,50,Symbolic,150,0,0.2940915307945903,0.0084130356069672,0.0948467771880262,0.388189857469496,0.4175472041196846,periodic
periodic_k_0.6_noise_0.3,0.6,0.3,100,Amortized,150,0,-0.0236705635884602,0.0030577692790595,0.0035976797311278,0.0762570573514266,0.0939558154716528,periodic
periodic_k_0.6_noise_0.3,0.6,0.3,100,Binning,150,0,0.4271735151483324,0.0051771713008391,0.1876198688696828,0.5244357069231806,0.5474653233734843,periodic
periodic_k_0.6_noise_0.3,0.6,0.3,100,KSG,150,0,-0.0069215533037712,0.0035925472257496,0.0036165048110482,0.0922633911562033,0.1114475022362541,periodic
periodic_k_0.6_noise_0.3,0.6,0.3,100,Symbolic,150,0,0.2392672229959511,0.0026048450237189,0.0598362833904217,0.3398764927346857,0.3562119532572166,periodic
periodic_k_0.6_noise_0.3,0.6,0.3,200,Amortized,150,0,-0.0212868972320556,0.0019252515931093,0.0023655485762566,0.0804682100885742,0.0945119954473144,periodic
periodic_k_0.6_noise_0.3,0.6,0.3,200,Binning,150,0,0.3538009816343138,0.0022862569501404,0.1274461498425435,0.4549260168758745,0.4702299463927532,periodic
periodic_k_0.6_noise_0.3,0.6,0.3,200,KSG,150,0,-0.0066873483001918,0.0026972262327957,0.0027239653518651,0.0937783484342112,0.1104009549654049,periodic
periodic_k_0.6_noise_0.3,0.6,0.3,200,Symbolic,150,0,0.1614605099304222,0.001347579403293,0.0274080918075964,0.2643627838172656,0.276112236043579,periodic
periodic_k_0.9_noise_0.1,0.9,0.1,10,Amortized,150,0,-0.1215437852986653,0.0080526772538393,0.0227718844835418,0.2282253500712948,0.2569470793313744,periodic
periodic_k_0.9_noise_0.1,0.9,0.1,10,Binning,150,0,-0.1910342224801589,0.0157905629239801,0.0521793666630857,0.1529859082133269,0.1932056468263552,periodic
periodic_k_0.9_noise_0.1,0.9,0.1,10,KSG,150,0,-0.3429942857142857,0.0009711991015521,0.1186098044735282,0.016148424795739,0.0261230037756895,periodic
periodic_k_0.9_noise_0.1,0.9,0.1,10,Symbolic,150,0,-0.3362363168313464,0.0060681883989773,0.1190825945659604,0.015427314396764,0.040360051940543,periodic
periodic_k_0.9_noise_0.1,0.9,0.1,20,Amortized,150,0,-0.1403450141398111,0.0029953765960547,0.0226721304126515,0.2150263563131254,0.2325436154072523,periodic
periodic_k_0.9_noise_0.1,0.9,0.1,20,Binning,150,0,-0.0973066780646799,0.0113331573544473,0.0207261925680676,0.249786605253822,0.2838600386168181,periodic
periodic_k_0.9_noise_0.1,0.9,0.1,20,KSG,150,0,-0.3395157263107263,0.0018562168129432,0.1171147704464903,0.0177194241581126,0.0315091232204347,periodic
periodic_k_0.9_noise_0.1,0.9,0.1,20,Symbolic,150,0,-0.3233669067197821,0.0046997725443705,0.1092345970889283,0.0297920264203803,0.0517341601400554,periodic
periodic_k_0.9_noise_0.1,0.9,0.1,30,Amortized,150,0,-0.1430604498036702,0.0021440663042228,0.0225960648268897,0.213659356715139,0.2284797436775206,periodic
periodic_k_0.9_noise_0.1,0.9,0.1,30,Binning,150,0,-0.0752047555182863,0.0100849557052201,0.0156734779197505,0.2728540765429952,0.304996412420432,periodic
periodic_k_0.9_noise_0.1,0.9,0.1,30,KSG,150,0,-0.3337995605774037,0.0018801301914596,0.113289742631851,0.0233913193325987,0.0372695595125939,periodic
periodic_k_0.9_noise_0.1,0.9,0.1,30,Symbolic,150,0,-0.2885981076984558,0.0052900967420523,0.0885436971975681,0.0638921799212866,0.0871716046818017,periodic
periodic_k_0.9_noise_0.1,0.9,0.1,50,Amortized,150,0,-0.1437062373606363,0.0012917952504566,0.0219346659384718,0.2146719161913934,0.2261756090873339,periodic
periodic_k_0.9_noise_0.1,0.9,0.1,50,Binning,150,0,-0.0461786850420659,0.0050361339212534,0.0071350306473261,0.3065944339096041,0.329308196006264,periodic
periodic_k_0.9_noise_0.1,0.9,0.1,50,KSG,150,0,-0.3387927925036546,0.0018623413070652,0.1166304819507758,0.018430992727399,0.0322434222652916,periodic
periodic_k_0.9_noise_0.1,0.9,0.1,50,Symbolic,150,0,-0.297009779140547,0.0029821573901836,0.0911770852460323,0.0583809394892526,0.0758595022296531,periodic
periodic_k_0.9_noise_0.1,0.9,0.1,100,Amortized,150,0,-0.1472069958496093,0.0004641312274326,0.0221309366463166,0.2134752932931161,0.2203707150076652,periodic
periodic_k_0.9_noise_0.1,0.9,0.1,100,Binning,150,0,-0.0796566102894734,0.0026740197916915,0.0090013685558893,0.2761979181502418,0.2927488612708113,periodic
periodic_k_0.9_noise_0.1,0.9,0.1,100,KSG,150,0,-0.2794670859504176,0.0008758299661083,0.0789718432292857,0.0799268197390054,0.0893990083601594,periodic
periodic_k_0.9_noise_0.1,0.9,0.1,100,Symbolic,150,0,-0.2869041115068528,0.0017791438573764,0.0840812520978639,0.0704756988451953,0.083976078141099,periodic
periodic_k_0.9_noise_0.1,0.9,0.1,200,Amortized,150,0,-0.1468822589365641,0.0002995723449676,0.021871973186309,0.2144778588512259,0.2200176232756459,periodic
periodic_k_0.9_noise_0.1,0.9,0.1,200,Binning,150,0,-0.1363765453722858,0.000918856805489,0.0195112932211316,0.2229024201648621,0.2326044890905662,periodic
periodic_k_0.9_noise_0.1,0.9,0.1,200,KSG,150,0,-0.180668308248529,0.0007358409931435,0.033371972991908,0.179120565354432,0.1878028181485097,periodic
periodic_k_0.9_noise_0.1,0.9,0.1,200,Symbolic,150,0,-0.2883605819824716,0.0008154581040769,0.0839618469579861,0.0711994699123365,0.0803393661227202,periodic
periodic_k_0.9_noise_0.3,0.9,0.3,10,Amortized,150,0,-0.0373230770365395,0.0288710553253002,0.030071593702607,0.1325198841606939,0.1869039617662268,periodic
periodic_k_0.9_noise_0.3,0.9,0.3,10,Binning,150,0,0.1232248262489337,0.0304401278467313,0.0454215514651664,0.29233865206923,0.3481810004286375,periodic
periodic_k_0.9_noise_0.3,0.9,0.3,10,KSG,150,0,-0.111014365079365,0.0061160143190261,0.0183994301442071,0.0735052362432799,0.0985360335979898,periodic
periodic_k_0.9_noise_0.3,0.9,0.3,10,Symbolic,150,0,0.02296489309195,0.0204549864109225,0.0208460061495744,0.1971117774281096,0.2428880087557903,periodic
periodic_k_0.9_noise_0.3,0.9,0.3,20,Amortized,150,0,-0.0295737585957844,0.0150146658403594,0.015789175265572,0.1478516620627602,0.1870708207456709,periodic
periodic_k_0.9_noise_0.3,0.9,0.3,20,Binning,150,0,0.2462418167325803,0.0168224238442952,0.0773453066597616,0.4225202878897889,0.4640333455753717,periodic
periodic_k_0.9_noise_0.3,0.9,0.3,20,KSG,150,0,-0.0736835838779955,0.0049029043418898,0.0102994888460495,0.1121457635841691,0.1345570686598396,periodic
periodic_k_0.9_noise_0.3,0.9,0.3,20,Symbolic,150,0,0.2128606800450248,0.0171356455230026,0.062331076995413,0.3889468064331148,0.4308445536569348,periodic
periodic_k_0.9_noise_0.3,0.9,0.3,30,Amortized,150,0,-0.0435729664103189,0.0100504537955611,0.0118820541720522,0.1374183799532162,0.1695056872261459,periodic
periodic_k_0.9_noise_0.3,0.9,0.3,30,Binning,150,0,0.295322884788871,0.0128001625871041,0.0999304344498775,0.4742520653570567,0.5104637042206852,periodic
periodic_k_0.9_noise_0.3,0.9,0.3,30,KSG,150,0,-0.0543992066796061,0.0054107141071711,0.0083339163671605,0.1308641326292512,0.1544074540115363,periodic
periodic_k_0.9_noise_0.3,0.9,0.3,30,Symbolic,150,0,0.2622455496175008,0.013007709920452,0.0816937201485007,0.4410285326640408,0.4775325665709607,periodic
periodic_k_0.9_noise_0.3,0.9,0.3,50,Amortized,150,0,-0.0346727798716224,0.0075723053305988,0.0087240249590875,0.1484362807446163,0.1762881595121386,periodic
periodic_k_0.9_noise_0.3,0.9,0.3,50,Binning,150,0,0.3548158224868263,0.0076319670379529,0.133475355144703,0.5378701299496162,0.5658315150240363,periodic
periodic_k_0.9_noise_0.3,0.9,0.3,50,KSG,150,0,-0.0334482125636447,0.0057705565105244,0.0068508690574903,0.1514299869003505,0.1757435879723599,periodic
periodic_k_0.9_noise_0.3,0.9,0.3,50,Symbolic,150,0,0.23692256999505,0.0074470094254423,0.0635296668689987,0.4201473246656386,0.4477678153244614,periodic
periodic_k_0.9_noise_0.3,0.9,0.3,100,Amortized,150,0,-0.0343241540527345,0.0043015507231188,0.0054510212697338,0.1522148666351881,0.1732068252593428,periodic
periodic_k_0.9_noise_0.3,0.9,0.3,100,Binning,150,0,0.3762503125962068,0.0061891181704207,0.1477121551113612,0.5606953387112753,0.5858752864811382,periodic
periodic_k_0.9_noise_0.3,0.9,0.3,100,KSG,150,0,-0.0208850800125062,0.0048738791455305,0.0052775731850224,0.1649774854197819,0.1873223545552055,periodic
periodic_k_0.9_noise_0.3,0.9,0.3,100,Symbolic,150,0,0.1871667915743051,0.0024760411100767,0.0374909420375622,0.3762385595970777,0.3921650235515326,periodic
periodic_k_0.9_noise_0.3,0.9,0.3,200,Amortized,150,0,-0.0418243702189126,0.0018228084235975,0.0035599343116489,0.1483781090944044,0.1620431504677702,periodic
periodic_k_0.9_noise_0.3,0.9,0.3,200,Binning,150,0,0.3030715920379779,0.0026226201477464,0.0944575259138626,0.4919110413916077,0.5083021426843481,periodic
periodic_k_0.9_noise_0.3,0.9,0.3,200,KSG,150,0,-0.0131784558977934,0.0030365593734651,0.0031899873441588,0.1750379098583251,0.192675178346088,periodic
periodic_k_0.9_noise_0.3,0.9,0.3,200,Symbolic,150,0,0.0992827410991423,0.0014204230716737,0.0112680162646885,0.2902863248629437,0.3023491573353409,periodic
periodic_k_0.0_noise_0.1,0.0,0.1,10,Hybrid,150,0,0.0514227513227513,0.0059979534637286,0.0086022664609053,0.0390287371690667,0.0638167654764359,periodic
periodic_k_0.0_noise_0.1,0.0,0.1,20,Hybrid,150,0,0.1098869791557485,0.0092823368063298,0.0212956027489302,0.0944685864433208,0.1253053718681762,periodic
periodic_k_0.0_noise_0.1,0.0,0.1,30,Hybrid,150,0,0.14908032583616,0.0133069261993695,0.035443156909456,0.1306195769009194,0.1675410747714006,periodic
periodic_k_0.0_noise_0.3,0.0,0.3,10,Hybrid,150,0,0.0316267195767195,0.0042457771617761,0.005217721371882,0.0211990072853684,0.0420544318680706,periodic
periodic_k_0.0_noise_0.3,0.0,0.3,20,Hybrid,150,0,0.0686027902223336,0.005820168715088,0.0104877104166103,0.0563938426466462,0.0808117377980209,periodic
periodic_k_0.0_noise_0.3,0.0,0.3,30,Hybrid,150,0,0.060685731541505,0.0055227505722833,0.0091686902478624,0.0487928208805317,0.0725786422024783,periodic
periodic_k_0.3_noise_0.1,0.3,0.1,10,Hybrid,150,0,-0.1210585714285714,0.0021481804765033,0.0167890369896531,0.0075041289196976,0.0223387282231594,periodic
periodic_k_0.3_noise_0.1,0.3,0.1,20,Hybrid,150,0,-0.1265719682169682,0.0044539151343247,0.0204446855050797,-0.0012722180205455,0.020088281586609,periodic
periodic_k_0.3_noise_0.1,0.3,0.1,30,Hybrid,150,0,-0.1305983793884516,0.0052587178325011,0.0222795964125077,-0.0062235191765904,0.0169867603996872,periodic
periodic_k_0.3_noise_0.3,0.3,0.3,10,Hybrid,150,0,0.0229853597883597,0.0046535162039503,0.0051508195271909,0.0478214164282748,0.0696553031484447,periodic
periodic_k_0.3_noise_0.3,0.3,0.3,20,Hybrid,150,0,0.0390110019222836,0.0085547352696549,0.0100195619721709,0.059962229278012,0.0895657745665553,periodic
periodic_k_0.3_noise_0.3,0.3,0.3,30,Hybrid,150,0,0.0406231781078459,0.0090551954689696,0.0106450700987582,0.0611475999484348,0.091604756267257,periodic
periodic_k_0.6_noise_0.1,0.6,0.1,10,Hybrid,150,0,-0.2316298095238095,0.001883821691938,0.0555236315406947,0.0107302614950058,0.024622119457375,periodic
periodic_k_0.6_noise_0.1,0.6,0.1,20,Hybrid,150,0,-0.2347946123136123,0.0019084456430526,0.0570242326435984,0.0075202100162327,0.0215025653565426,periodic
periodic_k_0.6_noise_0.1,0.6,0.1,30,Hybrid,150,0,-0.2266347820567232,0.0026148557958586,0.0539607478617846,0.0144878078857802,0.0308546280007733,periodic
periodic_k_0.6_noise_0.3,0.6,0.3,10,Hybrid,150,0,-0.0434148306878307,0.0049305707381676,0.0067825477902328,0.0541249452932386,0.0765993933311,periodic
periodic_k_0.6_noise_0.3,0.6,0.3,20,Hybrid,150,0,-0.0064133448714454,0.0065006409207616,0.0064984343070633,0.0894607195036155,0.1152665907534935,periodic
periodic_k_0.6_noise_0.3,0.6,0.3,30,Hybrid,150,0,0.0022730458099539,0.0078563992484873,0.0078091899907515,0.0968652785452696,0.1252348130746382,periodic
periodic_k_0.9_noise_0.1,0.9,0.1,10,Hybrid,150,0,-0.3429942857142857,0.0009711991015521,0.1186098044735282,0.016148424795739,0.0261230037756895,periodic
periodic_k_0.9_noise_0.1,0.9,0.1,20,Hybrid,150,0,-0.3395157263107263,0.0018562168129432,0.1171147704464903,0.0177194241581126,0.0315091232204347,periodic
periodic_k_0.9_noise_0.1,0.9,0.1,30,Hybrid,150,0,-0.3337995605774037,0.0018801301914596,0.113289742631851,0.0233913193325987,0.0372695595125939,periodic
periodic_k_0.9_noise_0.3,0.9,0.3,10,Hybrid,150,0,-0.111014365079365,0.0061160143190261,0.0183994301442071,0.0735052362432799,0.0985360335979898,periodic
periodic_k_0.9_noise_0.3,0.9,0.3,20,Hybrid,150,0,-0.0736835838779955,0.0049029043418898,0.0102994888460495,0.1121457635841691,0.1345570686598396,periodic
periodic_k_0.9_noise_0.3,0.9,0.3,30,Hybrid,150,0,-0.0543992066796061,0.0054107141071711,0.0083339163671605,0.1308641326292512,0.1544074540115363,periodic
periodic_k_0.0_noise_0.1,0.0,0.1,50,Hybrid,150,0,-0.0852242304484051,0.0055676864720733,0.0127937380177824,-0.0971654264664252,-0.0732830344303849,periodic
periodic_k_0.0_noise_0.1,0.0,0.1,100,Hybrid,150,0,-0.0756913757324219,0.003955847629262,0.0096586596720003,-0.0857567567494105,-0.0656259947154333,periodic
periodic_k_0.0_noise_0.1,0.0,0.1,200,Hybrid,150,0,-0.0743793029785156,0.0017487146217389,0.0072693372358304,-0.0810715184018625,-0.0676870875551688,periodic
periodic_k_0.0_noise_0.3,0.0,0.3,50,Hybrid,150,0,-0.0490376141866049,0.0039428130382667,0.0063212152231259,-0.0590863987127074,-0.0389888296605025,periodic
periodic_k_0.0_noise_0.3,0.0,0.3,100,Hybrid,150,0,-0.0512594896952309,0.0020876246487863,0.0047012424349432,-0.0585714975593668,-0.043947481831095,periodic
periodic_k_0.0_noise_0.3,0.0,0.3,200,Hybrid,150,0,-0.0445619932810466,0.000972366059559,0.002951654864342,-0.0495522781455956,-0.0395717084164976,periodic
periodic_k_0.3_noise_0.1,0.3,0.1,50,Hybrid,150,0,-0.0390295656331378,0.0027130554047098,0.0042182753621898,0.0886147785667333,0.1052860901669909,periodic
periodic_k_0.3_noise_0.1,0.3,0.1,100,Hybrid,150,0,-0.033581432800293,0.0011987052866265,0.0023184265469696,0.0968578414776229,0.1079392929217909,periodic
periodic_k_0.3_noise_0.1,0.3,0.1,200,Hybrid,150,0,-0.0405382739512124,0.0005936932127046,0.0022330869128968,0.0915423826460027,0.0993410694515723,periodic
periodic_k_0.3_noise_0.3,0.3,0.3,50,Hybrid,150,0,-0.0187162638295492,0.0079433278463231,0.0082406708590849,0.0027737097841527,0.0312997625567487,periodic
periodic_k_0.3_noise_0.3,0.3,0.3,100,Hybrid,150,0,-0.0204351517944335,0.0046786321360224,0.0050650366839771,0.0043714840561502,0.0262642123549826,periodic
periodic_k_0.3_noise_0.3,0.3,0.3,200,Hybrid,150,0,-0.0269906766204832,0.0021006288228648,0.0028151212551439,0.0014275769917549,0.0160970697672784,periodic
periodic_k_0.6_noise_0.1,0.6,0.1,50,Hybrid,150,0,-0.0596228087005614,0.0011401542042065,0.0046874324935222,0.1842794787541107,0.1950869038447663,periodic
periodic_k_0.6_noise_0.1,0.6,0.1,100,Hybrid,150,0,-0.0623454706726076,0.0008130008959359,0.004694538603352,0.1823974716962071,0.1915235869585776,periodic
periodic_k_0.6_noise_0.1,0.6,0.1,200,Hybrid,150,0,-0.0615687474466959,0.0003566803139191,0.0041450131073147,0.1847148659753915,0.1907596391312165,periodic
periodic_k_0.6_noise_0.3,0.6,0.3,50,Hybrid,150,0,-0.0235903443196612,0.0062128285400286,0.0067279140282153,0.0725725888977412,0.0978007224629361,periodic
periodic_k_0.6_noise_0.3,0.6,0.3,100,Hybrid,150,0,-0.0236705635884602,0.0030577692790595,0.0035976797311278,0.0762570573514266,0.0939558154716528,periodic
periodic_k_0.6_noise_0.3,0.6,0.3,200,Hybrid,150,0,-0.0212868972320556,0.0019252515931093,0.0023655485762566,0.0804682100885742,0.0945119954473144,periodic
periodic_k_0.9_noise_0.1,0.9,0.1,50,Hybrid,150,0,-0.1437062373606363,0.0012917952504566,0.0219346659384718,0.2146719161913934,0.2261756090873339,periodic
periodic_k_0.9_noise_0.1,0.9,0.1,100,Hybrid,150,0,-0.1472069958496093,0.0004641312274326,0.0221309366463166,0.2134752932931161,0.2203707150076652,periodic
periodic_k_0.9_noise_0.1,0.9,0.1,200,Hybrid,150,0,-0.1468822589365641,0.0002995723449676,0.021871973186309,0.2144778588512259,0.2200176232756459,periodic
periodic_k_0.9_noise_0.3,0.9,0.3,50,Hybrid,150,0,-0.0346727798716224,0.0075723053305988,0.0087240249590875,0.1484362807446163,0.1762881595121386,periodic
periodic_k_0.9_noise_0.3,0.9,0.3,100,Hybrid,150,0,-0.0343241540527345,0.0043015507231188,0.0054510212697338,0.1522148666351881,0.1732068252593428,periodic
periodic_k_0.9_noise_0.3,0.9,0.3,200,Hybrid,150,0,-0.0418243702189126,0.0018228084235975,0.0035599343116489,0.1483781090944044,0.1620431504677702,periodic
